,text,label,clean_text
0,"Jadi mengenang....dulu pertama kali naik pesawat karena dapat beasiswa kuliah di Inggris (Newcastle), deg-degan secara ini naik pesawat pertama kali plus ada transitnya pulak di Dubai...datang ke Soetta dari Salatiga naik kereta api turun di Gambir, deg-degannya minta ampun..naik damri ke Soetta turun di terminal 2D...cek in paspor masih kosong kecuali bisa student UK yang nempel...ditanyain tiket pulang nya saya gelagapan hahha lupa kalo saya mau studi yang gak perlu tiket balik...habis cek in jalan ke imigrasi..yang antriannya minta ampun...ditanya2 ama petugas imigrasinya gak percaya kalo saya mahasiswa beasiswa, karena pakaian saya yang lusuh karena perjalanan dari daerah ke ibukota... Habis imigrasi lumayan lega perasaannya...sambil tunggu boarding saat itu Emirates jadwal pukul 0015 cmiiw..saya sakit perut Mulu karena saking tegangnya...hahah naik pesawat untungnya di aisle karena saya tetap tegang dan pengen ke WC Mulu...paling lucu pas mpe Dubai kirain transit itu gak turun pesawat wkwkkw saya nunggu dipesawat terus mpe &quot;diusir&quot; pramugarinya karena pesawat mau dibersihkan dan saya disuruh ke transfer counter untuk melaporkan diri kalo saya mau transfer ke pesawat yang ke Newcastle...wkwkw mpe Newcastle bingung lagi karena gak tau orang yang jemput saya tunggu dimana...wkwkw hadeuh pengalaman masa lalu sungguh indah sekali...sekarang kerja di Singapore tiap bulan pulang ke Jateng naik silk air/airasia yang direct ke Semarang, Alhamdulillah...",2,mengenangdulu kali pesawat beasiswa kuliah inggris newcastle deg-degan pesawat kali plus transit pulak dubaidatang soetta salatiga kereta api turun gambir degdegannya ampunnaik damri soetta turun terminal dcek in paspor kosong kecuali student uk nempelditanyain tiket pulang nya gelagap hahha lupa studi tiket balikhabis cek in jalan imigrasiyang antri ampunditanya tugas imigrasi percaya mahasiswa beasiswa pakai lusuh jalan daerah ibukota habis imigrasi lumayan lega perasaannyasambil tunggu boarding emirates jadwal cmiiwsaya sakit perut mulu saking tegangnyahahah pesawat untung aisle tegang wc mulupaling lucu pas dubai kirain transit turun pesawat wkwkkw nunggu pesawat quotdiusirquot pramugari pesawat bersih suruh transfer alat hitung lapor transfer pesawat newcastlewkwkw newcastle bingung tau orang jemput tunggu dimanawkwkw hadeuh alam sungguh indah sekalisekarang kerja singapore pulang jawa silk airairasia direct semarang alhamdulillah
1,Bang jika hanya nunjukin ktp bisa gak? Di konter..  tanpa harus nunjukin bukti tiket pemesanan,1,bang nunjukin ktp konter nunjukin bukti tiket mesan
2,Makasih dek ya untuk mengalaminya untu naik pesawat,2,terimakasih dek ya alam untu pesawat
3,"Biasanya gue naik pesawat ngekor. Ortu kemana gue kesono, sekolah kemana gue nikut aja gak ngerti ğŸ¤£ skr gue perlu berangkat sendiri sumpah bingung ğŸ˜–",0,pesawat ngekor ortu mana kesana sekolah mana nikut ngerti skr berangkat sumpah bingung
4,Pertama kali naik pesawat dari pnk menuju Jakarta tegang banget...insya Allah akhir tahun ini saya mw k Jogja pandai kangen dgn aroma udara pesawatğŸ¤­,2,kali pesawat pnk jakarta tegang bangetinsya allah k jogja pandai kangen aroma udara pesawat
5,seru llo naik peswat it,2,seru llo peswat it
6,Bang serius nanya. Kalo koper lebih dari 7 kg tuh kan harus dimasukin bagasi dan yg kurang dari 7 kg boleh dibawa ke kabin ya. Trus pas di pemeriksaan koper yg lebih dari 7 kg itu kopernya dibawa lagi kita yang urus apa ditinggal aja dan petugasnya yg urus?,1,bang serius koper kg tuh dimasukin bagasi kg bawa kabin ya pas periksa koper kg koper bawa urus tinggal tugas urus
7,Selamat siang bang trma kasih sudah berbagi pengalaman yang menarik,2,selamat siang bang trma kasih bagi alam tarik
8,Cm aq mungkin yg blm prnh sm skli Naik pesawat terbang. âœˆï¸,0,cm skli pesawat terbang
9,"Terimakasih,, sangat membantu, semoga bisa naik pesawat..",2,terimakasih bantu moga pesawat
10,"Mau nanya,  abg tau klw itu pesawat abg nya dari mana? Terus pas turun dari pesawat dan jln kaki itu arah nya kmna ya?",1,abg tau pesawat abg nya pas turun pesawat jalan kaki arah nya mana ya
11,"sangatt krenn bangg coba klw lengkap dngan tutorial transit pesawat pasti lebih kreeennğŸ‘ğŸ½ğŸ‘ğŸ½ğŸ‘ğŸ½ğŸ‘ğŸ½ğŸ‘ğŸ½<br>sangat mmbantu dlm kesulitan org baru,,semoga sukses abg",2,sangatt krenn bangg coba lengkap tutorial transit pesawat kreeennbrsangat mmbantu sulit orang barusemoga sukses abg
12,"tutorialnya bgus bang cumn agak pusing klw org baru krna prosesnnya banyak bnget klw,,<br>apa lagi transit pesawat pasti bingun benaranğŸ˜ŠğŸ˜Š",1,tutorial bgus bang pusing orang prosesnnya bnget klwbrapa transit pesawat bingun benar
13,"Sy blm pernah naik pesawat enak gak sih dibandingkan naik kereta,mobil dan kapal api",1,pesawat enak sih banding keretamobil kapal api
14,"Terimakasih kak tutorialnya kakk, semoga penerbangan pertamaku besok dilancarkanğŸ™ğŸ»ğŸ™ğŸ»",2,terimakasih kak tutorial kakk moga terbang pertama besok lancar
15,Baru jakarta bandung haaaaa,1,jakarta bandung haaaaa
16,"saya belum pernah naik pesawat karena takut lebih ke phobia ketinggian, kira2 kalo pas mau naik di pingsanin dulu bisa gak ya, atau minum obat tidur gitu gapapa d gotong juga.",0,pesawat takut phobia tinggi pas pingsanin ya minum obat tidur apa d gotong
17,Kan boarding tiket itu nama pswt nya ada banyak bang seperti sriwijaya ada 3 tempat..itu sama aja bang ya?,1,boarding tiket nama pesawat nya bang sriwijaya tempatitu bang ya
18,"makasii kak, videonya sangat membantu sekali ğŸ‘ğŸ»ğŸ‘ğŸ»",2,makasii kak video bantu
19,Harga tiket nya brp ngab,1,harga tiket nya ngab
20,Bang kalo koper nya ilang dibagasi gimana?,0,bang koper nya hilang bagasi
21,Bang bikin versi yg di bandara soekarno hattanya dongğŸ™ğŸ™,2,bang bikin versi bandara soekarno hatta
22,Tanya bang.. 1 orang dpt jatah bagasi engga bang apa cma dpt cabin gratis,1,bang orang jatah bagasi bang cma cabin gratis
23,Untuk kode booking PP itu sm ya kodenya ? JD pas plng printny dgn kode booking yg sm kan yah ?,1,kode booking pp ya kode pas pulang printny kode booking yah
24,"gilaaa ini bener&quot; lengkap bgt, jelas ga menye&quot; penjelasannya kerennnn ğŸ‘ğŸ»",2,gilaaa benerquot lengkap banget menyequot jelas kerennnn
25,Kak mau tanya apakah boleh 1 orang Bawak koper ukuran 20 inci dan backpack juga ke cabin? Terimakasih,1,kak orang bawak koper ukur inci backpack cabin terimakasih
26,Bang mau tanya kalo usia di bawah 18 tahun dan belum punya KTP itu data yang harus di lapirkan apa bang,1,bang usia ktp data lapir bang
27,Untuk sekrang pake rapid covid ga ka,1,sekrang pakai rapid covid ka
28,"Bagus penjelasanya, lengkap, saya sreg sama penjelasan nya mas.., yg lain saya nemu ga lengkap malah bikin bingung",2,bagus jasa lengkap sreg jelas nya mas temu lengkap bikin bingung
29,"Jadi tauuuuuuuu, lanjut bang",2,tauuuuuuuu bang
30,"Keren banget videonya bang,,so simple tapi langsung mengerti,, penjelasannya gk bertele tele tapi point ny dapet...sangat berguna bagiku yg mau terbang pertama kali dala hidupku",2,keren banget video bangso simpel langsung erti jelas tele tele point ny dapetsangat guna bagi terbang kali dala hidup
31,Mksih y bang membatu sekli vidio ya  sagt bermempaat seperti saya belum pernh naik pesawat ğŸ˜…ğŸ˜…mkasih y bang,2,terimakasih y bang batu sekli video ya sagt bermempaat pernh pesawat terimakasih y bang
32,"mantap abang, makasih banyakk",2,mantap abang terimakasih banyakk
33,"Haha bismillah bulan 8 yah otw ke Jakarta, terimakasih atas tutorial nya deg deg kan ygy Pertama kali naik pesawat ğŸ˜­",2,haha bismillah yah jalan jakarta terimakasih tutorial nya deg deg ygy kali pesawat
34,"Saya blm pernah naik pesawat,, tapi katanya harus matikan hp klo udh terbang ya? Tapi  yg foto atau video gtu emg boleh? Atau modein pesawat aja? Klo udh mode pesawat aman buat foto&quot; dan video bang?",0,pesawat mati hp terbang ya foto video emang modein pesawat mode pesawat aman fotoquot video bang
35,JIJIK GUE LIAT Kuda NIL SATU NI,0,jijik lihat kuda nil ni
36,No berapa sih biar bisa mideo sayap peswat yg paling pas di citilink?belinya bisa manual pas datanhkan di Bandara,1,nomor sih biar mideo sayap peswat pas citilinkbelinya manual pas datanhkan bandara
37,Kalo bawa obat2 tan.  Sama roko. Prvum.  Pelembab. Muka boleh ga,1,bawa obat tan roko prvum pelembab muka
38,"Wah makasih bgt bang tutorial lengkap nya, berasa pengalaman sendiri.",2,terimakasih banget bang tutorial lengkap nya asa alam
39,Senin ini saya mau berangkat dari Banjarmasin menuju Jakarta....baru pertama kali ne rasa takut naik pesawat doakan ya saya semoga selamat sampai tujuan.,0,senin berangkat banjarmasin jakartabaru kali ne takut pesawat doa ya moga selamat tuju
40,Kak kalau beli tiket online tpi gak ada nama belakang nya itu gimana ya,1,kak beli tiket online nama nya ya
41,Kayak ada pesawat tempur segala itu bang..?,0,pesawat tempur bang
42,Maaf kalau di dalam pesawat apa boleh hidup kan HP/maenan HP bang..??? ğŸ™,1,maaf pesawat hidup hpmaenan hp bang
43,Bang untuk ukuran koper bagasi ada standar nya ngga pesawat ATR,1,bang ukur koper bagasi standar nya pesawat atr
44,"Sangat membantu kak, karena rencana lulus kuliah mau merantau ke Kalimantan dan masih belum punya pengalaman naik pesawat jadi degÂ² an nya dari pas ujian skripsi udah kerasa<br>Makasih vlog edukatif nya ğŸ™",2,bantu kak rencana lulus kuliah rantau kalimantan alam pesawat deg an nya pas uji skripsi kerasabrmakasih vlog edukatif nya
45,"Kak mau tanya ngrekam gt mesti ijin  gk sih? Trus emang gpp ya ngrekam dlm pesawat, takutnya ganggu sinyal pesawatnya gt?",1,kak ngrekam mesti izin sih emang tidak-apa-apa ya ngrekam pesawat takut ganggu sinyal pesawat
46,Mau tanya apakah boleh klo main hp di pesawat . Maap saya gk tau apaÂ² tentang naik pesawat ğŸ™‚ğŸ™,1,main hp pesawat maap tau apa pesawat
47,sekarang masih ada gak bang yg langsung dr Jkt ke Bdg ?,1,bang langsung jakarta bandung
48,Halimkuuu ğŸ’™,1,halimkuuu
49,Jelass Terimakasih. Asli deg degan. Entar kalau sudah saya inn syaa Allah kembali ya kak,2,jelass terimakasih asli deg degan inn syaa allah ya kak
50,Bang pesawat nya bagus,2,bang pesawat nya bagus
51,"Thx ya ka.. Sngat membantu. Dr skian bnyk vlog tentang first flight, vlog ini yng paling detail dan sangat membantu. Sukses terus ka â˜º",2,terimakasih ya ka bantu ski vlog first flight vlog detail bantu sukses ka
52,"Terimakasih kaka.. sangat membantu sekali videonya, detail, jelas dan mudah dipahami. aku langsung subsscribe donk",2,terimakasih kaka bantu video detail mudah paham langsung subsscribe donk
53,Sangat membantu sekali bang terimakasih atas infonya dan reviewnya semoga channel ini sangat bermanfaat bagi orang lain ğŸ™,2,bantu bang terimakasih informasi reviewnya moga channel manfaat orang
54,Mudah untk di pahamiğŸ™ğŸ»,2,mudah untk paham
55,"tutorial terlengkap,good",2,tutorial terlengkapgood
56,Kk aku liat di youtub orang ada yang udah nyampe terus nganu kode kode  gitu,0,kk lihat youtub orang nganu kode kode
57,Kebanyakan bacot,0,banyak bacot
58,Kebanyakan bacot,0,banyak bacot
59,Bang mau nanya. Sya kan beli tiket di online utk 2 orng saya dan istri sya. Pertanyaan sya apakh kita bisa duduk berdampingan dgn istri di pesawat???,1,bang beli tiket online orang istri apakh duduk damping istri pesawat
60,"Singkat, padat, jelas..<br>Thanks banget bang ikhwan, sehat selalu.",1,singkat padat jelasbrthanks banget bang ikhwan sehat
61,Ka ikwan... Nanya dong <br><br>Tas bawaan sama bagasi beda ya? <br>Terus kalau transit gimana ka? <br><br>Terima kasih <br>Saya belum pernah soalnya mau naik jadi belajar sekarang hhe,1,ka ikwan brbrtas bawa bagasi beda ya brterus transit ka brbrterima kasih brsaya ajar hhe
62,Tutorial ke toilet pesawat dong kak,1,tutorial toilet pesawat kak
63,Masih bingung kak. Untuk alat elektronik seperti HP apakah harus dimatikan atau cukup menggunakan mode penerbangan?,0,bingung kak alat elektronik hp mati mode terbang
64,Ko aku deg2an ya ğŸ˜‚ berasa sedih lagi belum juga naik,0,ko degan ya asa sedih
65,Trims tutorialnya pak Bos,2,trims tutorial bos
66,Kak mau tanyaaa<br>1. Waktu security cek yang pertama itu koper di timbang nggak?<br>2. Kalo misal udah check in online lalu koper ternyata 8kg (gratis bagasi kan ya kak? Maks20) dan itu harus checkin konter lagi?,1,kak tanyaaabr aman cek koper timbang nggakbr cek in online koper kg gratis bagasi ya kak maks checkin konter
67,Delay 3 jam wkwkwk naik singa udara ğŸ˜‚,0,delay jam wkwkwk singa udara
68,Seru banget jadi rindu kehidupan normal tanpa menggunakan masker :(,2,seru banget rindu hidup normal masker
69,"<a href=""https://www.youtube.com/watch?v=9j4Td1SfI7U&amp;t=10m43s"">10:43</a> Pramugarinya cantik bang",2,pramugari cantik bang
70,di menit 14.46 ada Sukhoi Su-30 MK2 Flanker TNI AU lagi parkir,1,menit sukhoi su mk flanker tni au parkir
71,Bang serius nnya itu wktu ngerekam di dlm pesawat pke HP pa handycam soalx HP Aq matiin klo dah di dalam pesawat jd g bs buat video ğŸ˜€,1,bang serius nnya ngerekam pesawat pakai hp pa handycam soalx hp mati pesawat video
72,Kak penitipan koper di bagasi itu dibagian check in pas akan dapat boarding pass juga ya? Trus nnti pasti ditanya petugas ga buat dititipkan dan ditimbang dlu?,1,kak titip koper bagasi bagi cek in pas boarding pass ya nnti tugas titip timbang
73,Lengkap banget penjelasannya . Makasih y kk,1,lengkap banget jelas terimakasih y kk
74,"Deg2an karena mau ke bali, pertama kali naik pesawat... Hehhe.. makasih tutorialnya bang..",2,degan bal kali pesawat hehhe terimakasih tutorial bang
75,"udah lama nggak berpergian, jadi pengen naik pesawat dan berpergian lagi",2,pergi pesawat pergi
76,Lah ada dani,1,dan
77,p,1,p
78,"ka anak umur 4 thn bayar ga ya ,niat mau jemput anak naek pesawat nih tadinya",1,ka anak umur bayar ya niat jemput anak pesawat nih
79,Pertama naik pesawat huh rasanya ndak karuan takut campur aduk....dari jogja papua transit di makasar  9 jm yang saya lakukan berdoa dan berdoa maklum WONG NDESO takut ketinggianğŸ¤­,0,pesawat huh karuan takut campur adukdari jogja papua transit makasar jm laku doa doa maklum ndeso takut tinggi
80,Terimaksih atasÂ² info nya,2,terimaksih atas informasi nya
81,Mau nanya lagi nie bang pesawat buat bulan Maret tanggal 18 2022 ada gk bang buat ke palangkaraya jurusan nya ada gk bang,1,bang pesawat maret tanggal bang palangkaraya jurus nya bang
82,Bang mau nanya.. Ktp nya di cek SEKEN apa cuman di ambil nik nya aja soal nya ktp ASLI SAYA PATAH jdi 2 cuman saya sdh sambung lagi bisa gk bang buat naik pesawat.. Ke kalimantan palangkaraya dri jakarta palangka KTP NYA di apain di seken apa di ambil Nik ajaajagmna bng penjelasan nya bisa,1,bang ktp nya cek bekas ambil nik nya nya ktp asli patah sambung bang pesawat kalimantan palangkaraya jakarta palangka ktp nya apain bekas ambil nik ajaajagmna bng jelas nya
83,"Bg, untuk barang di Kabin boleh ga dua tas? Total beratnya ga sampe 7 kilo.",1,bg barang kabin tas total berat kilo
84,Bang kalo dapet makanan dari pesawat gak bpleh bawa pulanh ya?? <br>Dan berapa jam jakarta banding,1,bang dapet makan pesawat bpleh bawa pulanh ya brdan jam jakarta banding
85,"Kalau beli tiket bayar per orang yaa, hehe maaf norak 2022 :)",1,beli tiket bayar orang yaa hehe maaf norak
86,eh telat 2 th ty infonya kak,0,eh telat th ty informasi kak
87,klo ada transit gimana bang chekin ulangnya,1,transit bang chekin ulang
88,Ka boleh bawa HP ke dalem trs ngerekam ya kak,1,ka bawa hp dalem ngerekam ya kak
89,Tutorial terlengkap,2,tutorial lengkap
90,Alhamdulillah.,2,alhamdulillah
91,"Big Thanks for you banggg ğŸ’™<br>Dri semua penjelasan prosedur naik pesawat, lu doang yg paling clear and detail ğŸ˜Œ",2,big terimakasih banggg brdri jelas prosedur pesawat clear and detail
92,ini baru detail,2,detail
93,Bang cara tau itu koper kt bagaimana ? Apa.dkkasi kode apa gimn,1,bang tau koper apadkkasi kode gimn
94,"Makasi bg tutorial yang jelasğŸ‘ğŸ»ğŸ‘ğŸ»ğŸ‘ğŸ» sekali dr sekian byk org yg bwt<br>Auto subs, sukses terus bg",2,makas bg tutorial sekian orang bwtbrauto subs sukses bg
95,Thanks bang tutor nya.. first time taun depan saya dan kelompok ke Denmark menghadiri undangan Roskilde Festival,2,terimakasih bang tutor nya first kelompok denmark hadir undang roskilde festival
96,Kakaaa Makasi yaaa huhu detail bgt iniğŸ–¤,2,kakaaa makas yaaa huhu detail banget
97,Kek kenal pramugari nya kayak yg di vidio sebekah deh,2,kenal pramugari nya video sebekah deh
98,Cara naik kapal laut gmn bang,1,kapal laut bang
99,Klo yg masih 16 thn blm pnya ktp bisa ga?,1,ktp
100,"Mksih bg,saya blom pernah naik pesawat,sngat membantu saya klo Allah SWT menyizinkan saya nanti pesawat..",2,terimakasih bgsaya pesawatsngat bantu allah subhanahu wata ala menyizinkan pesawat
101,Terima kasih sangat membantu ğŸ™,2,terima kasih bantu
102,Akhirnya nemu tutorial yg dicari. SGT lengkap n jelas. HR ini pertama akan naik pesawat. SMG selamat SM plg kembali aamiin ğŸ™Œ trimakasih byk mas ğŸ™,2,temu tutorial cari lengkap n pesawat moga selamat pulang aamiin trimakasih mas
103,KAK  sekarang  korona   bisa  nggak  anak kecil  Naik  pesawat  ??,1,kak korona anak pesawat
104,"Kak, kalau misalkan kita bawa 2 koper apakah akan kena biaya lagi ?? Kalau misalkan koper di bawa ke kabin apa di bagasi ?",1,kak bawa koper kena biaya koper bawa kabin bagasi
105,Makasi huhu detail bgt,2,makas huhu detail banget
106,Tutorial yg ğŸ‘,2,tutorial
107,Tutor transit dong,2,tutor transit
108,"Mantap tutor nya,",2,mantap tutor nya
109,Kak kalo naik pesawat buat orang pertama kali tuh bakal ngerasain pusing gak sih? Atau sampe mual gtu yang orgnya gampang mabuk perjalanan. Terima kasih ğŸ™,0,kak pesawat orang kali tuh rasa pusing sih mual orang gampang mabuk jalan terima kasih
110,ada yang tau IG Pramugari yang di Thumbnail?,2,tau ig pramugari thumbnail
111,Bang gue nonton terus video abang tapi tujuan Ambon ko ga ada kalau ke ambon kabarin yah biar aku bisa jemput ğŸ™ğŸ‘,1,bang nonton video abang tuju ambon ko ambon kabarin yah biar jemput
112,"Salam dari anak kampung ğŸ˜‰<br>Mau nanya bang, selama perjalanan apakah didalam pesawat diperbolehkan mengaktifkan smart phone bang?<br><a href=""http://www.youtube.com/results?search_query=%23maap"">#maap</a> belum pernah naik pesawat nih, cuma bisa liat di Ytb ğŸ¤­",1,salam anak kampung brmau bang jalan dalam pesawat boleh aktif smart phone bangbra pesawat nih lihat ytb
113,Bg boleh tidak bawa roti dan makan ke dlm pesawat citilink ?,1,bg bawa roti makan pesawat citilink
114,Nitip kopernya gimana kalo dibagasi,1,nitip koper bagasi
115,Kak kalo misalnya kita transit itu kita ambil bagsi sendiri atau petugasnya yg memindahkan lagi barang nya kk?,1,kak transit ambil bagsi tugas pindah barang nya kk
116,awal naik pesawat tujuan jkt palembang 17 Januari 2014 waktu itu deg degn campur aduk dll,0,pesawat tuju jakarta palembang januari deg degn campur aduk lain
117,Mantap makasih,2,mantap terimakasih
118,"bang,mau tanya penerbangan dari bandara radin intan 2 ke bandara kalimarau kalimantan ada bang? <br>mungkin abang pernah kesana.",1,bangmau terbang bandara radin intan bandara kalimarau kalimantan bang brmungkin abang kesana
119,Tutorial ini masih berlaku untuk sekarang ga ya?,1,tutorial laku ya
120,saya parno dan takut naik pesawat...tp insyaallah pasti bisa mengatasi rasa takut,0,parno takut pesawattp insyaallah atas takut
121,Kak tutor nek pesawat pas pandemi boleh gak? Rencananya tahun dpn aku mau ajak kluarga kluar kota. Terima kasih,1,kak tutor nek pesawat pas pandemi rencana ajak keluarga kota terima kasih
122,"Mau tanya , apa kah bisa koper ukuran 18inc dibawa masuk taro cabin?",1,kah koper ukur inc bawa masuk taro cabin
123,Cara rekues  dari labuan bajo ke Batam bang plis,1,rekues labu bajo batam bang mohon
124,"sslam sehat bang trmksih tutorial naik pesawatnya sgt bermanfaat bagi pemula,semgat n sukses terus bang..",2,sslam sehat bang trmksih tutorial pesawat manfaat pemulasemgat n sukses bang
125,Kak ada video yg pesen dari traveloka gaa?,1,kak video pesan traveloka gaa
126,bang boarding itu apa ya ?,1,bang boarding ya
127,josinael juga belum,0,josinael
128,edwin<br>apli kubtex hoel,0,edwinbrapli kubtex hoel
129,"Kak, maaf belum pernah naik pesawat. Ini ngerekamnya pakai apa? Sy pikir dipesawat itu tidak boleh menyalakan alat elektronik sama sekali. ğŸ˜…",0,kak maaf pesawat ngerekamnya pakai pikir pesawat nyala alat elektronik
130,Dari jakarta ke Kalimantan harus pake paspor ga ka?,1,jakarta kalimantan pakai paspor ka
131,Klo blm punya KTP gimana?,1,ktp
132,bang ATR72-600 dilihat dari mana ?,1,bang atr
133,Thanks informasinya abangğŸ™,2,terimakasih informasi abang
134,"Karna insya allah 2 bulan lagi gua mao ke makasar naik pesawat pertama kali, ini vidio gua simak betul&quot; .<br>Trimakasih atas info lengkap dan jelas nya bang",2,insya allah makasar pesawat kali video simak betulquot brtrimakasih informasi lengkap nya bang
135,Barang atau tas yg kita bawah ke dalam kabin pesawat di hitung dari berat bagasi ya mas,1,barang tas kabin pesawat hitung berat bagasi ya mas
136,Lengkap bgt ğŸ‘,2,lengkap banget
137,"maaf ka sebelumnnya , semua pesawat ga perlu makai paspor ya ka? soalnya aku mau naik tpi blm punya paspor , tolong jawabannya ka ğŸ™ğŸ¼",1,maaf ka sebelumnnya pesawat pakai paspor ya ka paspor tolong jawab ka
138,"Makasih bang tutorialnya, besok mau terbang ke Bali soalnya hehe",2,terimakasih bang tutorial besok terbang bal hehe
139,Akhir bulan ini mau terbang tapi gak tau cara nya ğŸ˜ğŸ˜ğŸ˜£,0,terbang tau nya
140,Langsung aku subscribe bangğŸ¤—sukses terusğŸ¤—,2,langsung subscribe bangsukses
141,"<a href=""https://www.youtube.com/watch?v=9j4Td1SfI7U&amp;t=14m45s"">14:45</a> sumpah gw gak salah liat??? Ada jet tempur sukhoi ?ğŸ‘€ pengen banget liat langsung jet tempurğŸ¥º",1,sumpah salah lihat jet tempur sukhoi banget lihat langsung jet tempur
142,Takut banget ğŸ˜­ğŸ˜­ kak mau nanya kalo naik pesawat emang pasti ada turbulensi?ğŸ˜­gimana rasanya?ğŸ˜¥ğŸ˜¥,0,takut banget kak pesawat emang turbulensigimana
143,Bang coba naik pesawat lion atr,0,bang coba pesawat lion atr
144,Bang coba naik pesawat lion,0,bang coba pesawat lion
145,Kak untuk ambil bagasi info ny itu dimana ya kyk hrus ambil dinomer brp2ny itu gmn ada board pengungumannya ga,1,kak ambil bagasi informasi ny mana ya ambil dinomer brpny board pengungumannya
146,Di dalam pesawat boleh ngerekam pake hp g ?,1,pesawat ngerekam pakai hp
147,"Sangat menginspirasi, terimakasih banyak bang",2,inspirasi terimakasih bang
148,"enak penyampaiannya, ga jelimettt santai tp serius<br><br><br>ga salah deh kasih ini tutorial ke adik gw yg masih kecil karna gw males ngasih tau ke diağŸ˜‚ğŸ˜‚ğŸ¤£<br><br>thaks bang ğŸ˜Š",2,enak sampai jelimettt santai seriusbrbrbrga salah deh kasih tutorial adik malas tau diabrbrthaks bang
149,"Ka mau tanya dong untuk surat hasil rapid , kalo tni polri harus test pcr apa gmna ?",1,ka surat hasil rapid tni polri test acar
150,Gue pertama kali naik pesawat ribet sendiri ğŸ˜‚ğŸ¤¦,0,kali pesawat ribet
151,Dari bandara soekarno hatta ke bandung naik terminal yg no brp kak? Saya pertama kali naik pesawat dan pergi sendiri soalnyağŸ™,1,bandara soekarno hatta bandung terminal nomor kak kali pesawat pergi
152,"Kesan pertama naik pesawat tegang, gugup takut ğŸ˜‚ tp juga senang akhirnya merasakan naik pesawatğŸ˜…",0,kesan pesawat tegang gugup takut senang rasa pesawat
153,Samgat masnya sukses terus,2,samgat mas sukses
154,Persiapan naik kapal terbangğŸ¤£ğŸ¤£,1,siap kapal terbang
155,Keren jelas sekalee hahaha,2,keren sekalee hahaha
156,"Saya dulu pertama kali ke jawa kaget banyak bgt tmnÂ² saya yang belum pernah naik pesawat dari kecil, mereka heranÂ² kepada saya karna sering naik pesawat dari papua",1,kali jawa kaget banget tmn pesawat heran pesawat papua
157,"Wahh berguna bgt ini, aku Jumat ini pertama kali mau naik pesawat ,makasih mas infonya jadi ga malu maluin nanti pas di bandara wkwk",2,wahh guna banget jumat kali pesawat terimakasih mas informasi malu maluin pas bandara wkwk
158,Makan Kentang ama Kepiting<br>Slamat datang di Citilink.<br>Bravo SuperGreen ğŸ˜,2,makan kentang kepitingbrslamat citilinkbrbravo supergreen
159,Saya naik pesawat udah dr kecil... Pesawat odong&quot;,0,pesawat pesawat odongquot
160,Gua pertama naik pesawat ikut orang tua sepupu yg udh tua Allhamdulillah lancr d arahinğŸ˜€ğŸ˜€tapi gua kesini binggung nanti mau pulng sendiri naik pesawatğŸ˜€ğŸ˜€,0,pesawat orang tua sepupu tua allhamdulillah lancr d arahintapi kesini binggung pulang pesawat
161,Trimakasih bg sangat bermanfaatğŸ‘,2,trimakasih bg manfaat
162,Sangat membantu dan bermanfaat sekali yg pada belum pernah naik pesawatğŸ™,2,bantu manfaat pesawat
163,Kak kalo masih pelajar dan belum punya KTP pakek kartu pelajar atau apa?,1,kak ajar ktp pakai kartu ajar
164,Tuk anak usia 2thun d9kuman ap yg d perlukan tuk check in d bandara,1,tuk anak usia thun dkuman ap d perlu tuk cek in d bandara
165,deg2an ğŸ˜­ğŸ˜­,0,degan
166,Sby tarakan berapa ya tiketnya,1,sby tara ya tiket
167,Thanks mas mantap.. Salam kenal ya ğŸ‘ğŸ™,2,terimakasih mas mantap salam kenal ya
168,Gua naik pesawat udah 2 kali bang tapi pesawat lion air dari surabaya ke pontianak bg,0,pesawat kali bang pesawat lion air surabaya pontianak bg
169,Selamat hari raya idul gitri yah guyss,2,selamat raya idul gitri yah guyss
170,Kontek paling mudah di mengerti auto subs,2,kontek mudah erti auto subs
171,"Terimakasih ya kak atas videonya, sepertinya cuma vlog kakak yang bener2 menjelaskan secara detail, terimakasih",2,terimakasih ya kak video vlog kakak bener detail terimakasih
172,"<a href=""https://www.youtube.com/watch?v=9j4Td1SfI7U&amp;t=13m08s"">13:08</a> POV thumbnail",1,pov thumbnail
173,Kk emang harus pakai ktp ya,0,kk emang pakai ktp ya
174,Asepso,0,asepso
175,"Mas kalo misalnya penerbangan kita ada transitnya, itu haruskah melapor ke petugas? Saya baca diinternet katanya harus melapor kepetugasnya sedangkan saya bingung petugas bagian yang mananya",1,mas terbang transit harus lapor tugas baca diinternet lapor tugas bingung tugas mana
176,"Bang tutorial naik pesawat ke luar negeri dong, dari pergi, transit dan sampai negara tujuanğŸ™ğŸ» saya nanya seperti ini karna saya yakin kalo bang ikhwan selalu ngejelasin yang detail jadi itu membuat saya mudah mengertiğŸ™ğŸ»",2,bang tutorial pesawat negeri pergi transit negara tuju bang ikhwan ngejelasin detail mudah erti
177,Citilink ada bagasi gratisnya kak?,2,citilink bagasi gratis kak
178,Semoga saya dapat aminn,1,moga aminn
179,Bang klo dia atas pesawat dingin gak bang,2,bang pesawat dingin bang
180,Ada yg kurang lengkap yaitu swab test atau antigen...,0,lengkap swab test antigen
181,Akhirnya dapat jg vidio tutorial naik pesawat ter ter ter terlengkap dan sangat sangat sangat mudah dipahamiğŸ˜­,2,video tutorial pesawat ter ter ter lengkap mudah paham
182,Pengen dah,2,
183,"<a href=""https://www.youtube.com/watch?v=9j4Td1SfI7U&amp;t=14m47s"">14:47</a> kok ada MiG-29 fulcrum ya ğŸ˜… hahaha",1,mig fulcrum ya hahaha
184,Doain kk semoga bisa kemekah bareng ortu,1,doa kk moga kemekah bareng ortu
185,Padahal cuma nonton doang ya tp berasa beneran ikut naik peswat,2,nonton ya asa beneran peswat
186,"2020 desember pertama x naik pesawat dri bndra soeta ke ngurahrai (bali) naik Batik Air<br>Pas wktu pandemi lg, perasaan saya kok sesulit itu y mau naik psawat jg bnyk bgtt pmeriksaan nya hrus ksana sini (kta ny klo gk pandemi gampang)mungkin lg pndemi aj jdi ribet.<br>Pas pesawat mau naikğŸ¤£ğŸ¤£(pke bhsa yg saya tau wktu itu) jantung tuh berasa mau copot,pegangan sekencengÂ² nya,air mata pun keluar sendiri trus mnerus (entah takut atau apa lah gaje pokoknya) tpi pas mau landing alias turun ğŸ¤­ gk kerasa apaÂ² sihh gk kyk mau take off uwuwww pokok nya ğŸ¤­ mnurutku klo buat yg blm prnh naik pesawat tuh rasanya sama dgn kita pertma x naik liftt",0,desember x pesawat bndra soeta ngurahrai bal batik airbrpas pandemi asa sulit y pesawat bgtt pmeriksaan nya kesana ny pandemi gampangmungkin pndemi ribetbrpas pesawat naikpke bhsa tau jantung tuh asa copotpegangan kenceng nyaair mata mnerus takut gaje pokok pas landing alias turun apa sihh take off uwuwww pokok nya mnurutku pesawat tuh pertma x liftt
187,"Nonton ini dulu, pas banget besok mau flight pake citylink ke banjar sendirianğŸ˜‚<br>Bingung belom pernahw wkwkwk",0,nonton pas banget besok flight pakai citylink banjar sendirianbrbingung bom pernahw wkwkwk
188,"Tuh pramugari dimenit <a href=""https://www.youtube.com/watch?v=9j4Td1SfI7U&amp;t=10m43s"">10:43</a> tuh cantik juga Njirr ğŸ˜‚ ğŸ˜‚.jadi suka ğŸ˜‚<br><br>Mumpung nih apa nama IG dia yah ? ğŸ˜‚ğŸ¤£",2,tuh pramugari menit tuh cantik njirr suka brbrmumpung nih nama ig yah
189,"Akhir Bulan ini,manado-balikpapan adalah penerbangan pertama saya,jujur takut bgt.<br>Kalo ka ikhwan baca ini,kasih advise dong biar rasa takut saya mungkin sdkit berkurang heheğŸ˜Š",0,inimanadobalikpapan terbang sayajujur takut bgtbrkalo ka ikhwan baca inikasih advise biar takut kurang hehe
190,Komentar19rb,1,komentarrb
191,Thankyouu bangâ¤ï¸ informatif sekali,2,thankyouu bang informatif
192,Apa cuman aku yang cita&quot; nya Pramugari tapi takut untuk naik?,0,citaquot nya pramugari takut
193,Bawa rokok boleh gk bg,1,bawa rokok bg
194,Citacita jadi pramugari tapi takut ketinggian,0,citacita pramugari takut tinggi
195,Tapi ttp pake paspor gak?,1,ttp pakai paspor
196,Ga bisa kubayangkan Bisa tersesat Akau d bandara ga pernah naik pesawat ğŸ˜‚ğŸ˜‚,0,bayang sesat akau d bandara pesawat
197,Belum kesampaian naik pesawat,1,pesawat
198,Komentar19rbwbnsnw,1,komentarrbwbnsnw
199,"Bismillah, saya juga akan berangkat ke Jayapura naik pesawat cilink juga, doain ya kakğŸ™  btw kak aku mau bertanya, emang boleh ya di pesawat menggunakan hp hehe",2,bismillah berangkat jayapura pesawat cilink doa ya kak ngomong ngomong kak emang ya pesawat hp hehe
200,Komentar19rb,1,komentarrb
201,Kalau pembayaran melalui mini market bisa gak,1,bayar mini market
202,Kak mau nanyak klok di pesawat boleh bawa makanan ringan ga?,1,kak nanyak klok pesawat bawa makan ringan
203,Min hp kpn bisa d pakai????,1,min hp d pakai
204,Bang reuqest kursi dekat jendela pas ceck in bisa ga terus bayar ga,1,bang reuqest kursi jendela pas ceck in bayar
205,Komrntar19rb,1,komrntarrb
206,Terima kasih oom infonya sangat terstruktur dan jelas....hadir oom ku...,2,terima kasih oom informasi struktur jelashadir oom ku
207,Ka tutorial naik pesawat klo ada transit nya yg penerbangan internasional ğŸ‘ŒğŸ»,2,ka tutorial pesawat transit nya terbang internasional
208,Nama mbaknya siapa bang Ikhwan?,1,nama mbak bang ikhwan
209,kalo gk punya ktp gmn,1,ktp
210,Waktu gua umur 10 bulan udah naik pesawat :v,1,umur pesawat v
211,Aku pernah naik pesawat tapi pesawatnya ya... Sederhana saja jadi kalau naik pesawat yang kaya lion air dan kaya Wings air.,0,pesawat pesawat ya sederhana pesawat kaya lion air kaya wings air
212,"Bang,kalau belum ada ktp gimana ya bang...? hehehe",1,bangkalau ktp ya bang hehehe
213,nah ini baru penjelasan yg detail. cari cari vlog org pada gak jelasâ€,2,jelas detail cari cari vlog orang
214,"wihh gampang ternyata,,tinggal nabung wkwk",2,wihh gampang ternyatatinggal nabung wkwk
215,Deg degan bgt belum pernah naik pesawat sekalinya naik sendirian. Uji nyali sih ini fix,0,deg degan banget pesawat sekali uji nyali sih fix
216,Terima kasih Kak ikhwan hidayat vlog nya sangat berguna dan sangat bermanfaat buat saya dan semua orang yang belum pernah naik pesawat.,2,terima kasih kak ikhwan hidayat vlog nya guna manfaat orang pesawat
217,Lumayan naik pesawat âœˆï¸ online sama Abang niğŸ˜‚,2,lumayan pesawat online abang ni
218,Seumur hidup belum tau naik pesawat ğŸ˜€,1,umur hidup tau pesawat
219,deg degan,0,deg degan
220,"Wah Bagus ni... bang buat juga tutorial pertama kali ke luar negeri... cek in, imigrasi dll...",2,bagus ni bang tutorial kali negeri cek in imigrasi lain
221,apa cuma gw yang takut mau naik pesawat,0,takut pesawat
222,"pengalaman pertama naik pesawat, pas take off gue pegangin tangan temen gue kenceng banget tapi pas udah diatas seru. jadi ketagihan terbang nih, next coba terbang sendiri",2,alam pesawat pas take off pegangin tangan temen cepat banget pas atas seru tagih terbang nih next coba terbang
223,Bagus banget.. ğŸ˜ŠğŸ˜,2,bagus banget
224,kalo aku dari dulu keliling eropa,1,keliling eropa
225,"Terima kasih banyak atas infonya kak. Sudah banyak nonton cara naik pesawat di yutchup tapi baru kali ini nemu yang paling lengkap, lengkap banget, sampai keterangan ticket/check-in/boarding/cari gate/cari pesawat/kursi penumpang juga ditunjukin dan dijelasin dengan detail. Walaupun saya belum berencana/belum pernah naik pesawat, tapi pan kepo caranya, dan cuma punya kakak yang paling lengkap banget. <br><br>Kalau bisa request yang mode penerbangan transit juga dong, kak. Tapi ya setelah korona musnah aja kali ya. Soalnya mahal pan biaya swab2nya. Hehehe.",2,terima kasih informasi kak nonton pesawat yutchup kali temu lengkap lengkap banget terang ticketcheckinboardingcari gatecari pesawatkursi tumpang dijelasin detail berencanabelum pesawat pan kepo kakak lengkap banget brbrkalau request mode terbang transit kak ya korona musnah kali ya mahal pan biaya swabnya hehehe
226,First time naik pesawat itu bkin deg2 an.. smpai skrg juga klu naik pswat suka gaduh sndiri serasa jantung mau copot klu pas take offğŸ¤¦â€â™€ï¸,0,first pesawat bkin deg an pswat suka gaduh serasa jantung lepas pas take off
227,Cara izin bikin vlognya gimana?,1,izin bikin vlognya
228,Makasih bang tutorialnya.. ğŸ‘ğŸ‘<br>Tapi klo sdg pandemi gini aku malah bingung pake acara swab segala ğŸ˜­,2,terimakasih bang tutorial brtapi pandemi bingung pakai acara swab
229,Gw sebulan bolak balik jakarta medan naik biasa aja loh,1,bulan bolak jakarta medan loh
230,"Jadi kalo barang ktA dibagasi <br>Kita meninggal pesawat bentar,terus balik lagi bg...<br> Atau kayak mna cara pengambilan ya,<br>Hahaha belum pernah naik pesawat",1,barang bagasi brkita tinggal pesawat bentarterus bgbr ambil yabrhahaha pesawat
231,"Pengalaman saya sebenarnya agak mengerikan saat naik pesawat pertama kali....waktu itu saya naik pesawat dari Singapura menuju Jakarta dengan maskapai Garuda Indonesia ya...awalÂ² memang pesawat masih baik kondisi nya.....sekitar pukul 14.15 pesawat mulai take off dari bandara Changi Singapura, sampai setengah perjalanan belum ada masalah apa pun, sampai pukul  14.30 setelah lepas landas pesawat pun mulai mati mesin dan suasana mulai mencekam lampu mati di dalam pesawat , penumpang panik termasuk saya sendiri dan di situ saya mencoba untuk tenang tidak panik dan akhirnya kita pun nggk bisa sampai ke Jakarta di putuskan sama captain nya untuk berbalik arah ke bandara Changi dan di situ saya mulai merasakan trauma yang sangat hebatğŸ¥ºğŸ¥ºğŸ¥ºğŸ¥ºjika di tanya knapa mesin bisa mati saat itu pesawat mengeluarkan asap dari mesin sebelah kiri setelah sebelah kiri mati di susul juga dengan mesin sebelah kanan dan akhirnya mati semua kedua mesin kita ke bandara Changi dengan posisi mesin mati atau mengglider tanpa mesin jujur sampai sekarang saya masih takut naik pesawat gara gara kejadian itu ğŸ™‚ğŸ™‚ğŸ¥ºğŸ¥ºğŸ¥ºğŸ¥ºğŸ¥º",0,alam keri pesawat kaliwaktu pesawat singapura jakarta maskapai garuda indonesia yaawal pesawat kondisi nyasekitar pesawat take off bandara changi singapura jalan lepas landas pesawat mati mesin suasana cekam lampu mati pesawat tumpang panik situ coba tenang panik jakarta putus captain nya balik arah bandara changi situ rasa trauma hebatjika mesin mati pesawat keluar asap mesin belah kiri belah kiri mati susul mesin belah kanan mati mesin bandara changi posisi mesin mati mengglider mesin jujur takut pesawat gara gara jadi
232,"Belom pernah naik pesawat, pengennya pertama kali ppake pesawat pas umroh atau bisa naik haji..ğŸ˜‡",1,bom pesawat ken kali ppake pesawat pas umroh haji
233,Makasih Kakak untuk videonya,2,terimakasih kakak video
234,"Saking takutnya ketinggian,cuma liat video ini aja berasa takutnya",0,saking takut ketinggiancuma lihat video asa takut
235,Terima kasih brother untuk tutorialnya ğŸ˜‡ğŸ‘ğŸ‘ sangat bermanfaat âœˆï¸âœ¨ tapi aku minta tolong kalau ada kesempatan bikinin tutorial naik pesawat untuk disabilitas tuna netra dong soalnya aku gak bisa kalan sendirian ke bandara dan cek in sana sini....ğŸ˜ğŸ˜ğŸ™ğŸ»ğŸ™ğŸ»ğŸ™ğŸ»ğŸ™ğŸ»ğŸ™ğŸ»,2,terima kasih brother tutorial manfaat tolong sempat bikinin tutorial pesawat disabilitas tuna netra kalan bandara cek in
236,Dulu pas naik pesawat takut mau videoin. . . Boleh ngak si sebenarnya buka hp buat videoin?,1,pas pesawat takut videoin si buka hp videoin
237,Makasih bg,2,terimakasih bg
238,"sumpahhhh bener&quot; lengkappâ¤ï¸ auto subscriba bang. cuma saya berangkat besok pagi ,dan keadaan covid jadi ketambahan surat rapid hihih",2,sumpahhhh benerquot lengkapp auto subscriba bang berangkat besok pagi covid tambah surat rapid hihih
239,Bang kalo mau naik pesawat ngajak aku aja dikota Semarang ahahahhaha wkwkwkwkwk aku belum pernah naik pesawat dari dulu pengen banget kereta aja belum pernah wkwkkwk doa&quot;in ya banggg biar aku cepet bisa naik pesawat ğŸ™ˆ,1,bang pesawat ngajak kota semarang ahahahhaha wkwkwkwkwk pesawat banget kereta wkwkkwk doaquotin ya banggg biar cepat pesawat
240,AKU BLM PERNAH NAIKK PESAWAT DAN TIDAK AKAN PERNAH MAU NAIK PESAWAT,0,naikk pesawat pesawat
241,Cari pesawat kita pas dilandasan gmn caranya? Tadi di boarding pass gaada nomornya soalnya? Maaf gatauğŸ˜‚,1,cari pesawat pas landas boarding pass nomor maaf tau
242,"<a href=""https://www.youtube.com/watch?v=9j4Td1SfI7U&amp;t=18m20s"">18:20</a> Stadion sijalak harupat",1,stadion sijalak harupat
243,Apakah cuman saya yang belum beli pesawat?ğŸ˜¢,1,beli pesawat
244,ini posisi wajahnya terlalu dekat sama kamera ga sih? apa cuma gw aja yg ngerasa?,1,posisi wajah kamera sih
245,"vlog yang sangat membantu sekali bang, untuk orang yang belum pernah naik pesawat bahkan untuk saya yang tidak pernah masuk bandara sampai sekarang ini benar2 sangat membantu dan setidak nya memberi sedikit gambaran tentang semua tatacara nya transportasi menggunakan pesawat, karna siapa tahu suatu saat saya harus pergi menggunakan pesawat video ini lah yang pertama kali saya rewatch hehe<br><br>terima kasih bang tetap berkarya !!",2,vlog bantu bang orang pesawat masuk bandara bantu tidak nya gambar tatacara nya transportasi pesawat pergi pesawat video kali rewatch hehebrbrterima kasih bang karya
246,"jelas banget jujur, makasih kak",2,banget jujur terimakasih kak
247,"Yaalloh inget bandara Hussein jadi inget masa PKL saya tahun2017,tiap hari liat pesawat tapi blm pernah naik,mudah mudahan suatu saat saya bisa naik aamiin",1,yaalloh bandara hussein pkl tahuntiap lihat pesawat naikmudah mudah aamiin
248,Hadir...  Oke,2,hadir oke
249,Bang cobain tutorial naik dari bandara bandung ke yogya/bali biar saya paham bang cara nya makasih,1,bang cobain tutorial bandara bandung yogyabali biar paham bang nya terimakasih
250,Bang cobain tutorial naik dari bandara bandung ke yogya/bali biar saya paham bang cara nya makasih,1,bang cobain tutorial bandara bandung yogyabali biar paham bang nya terimakasih
251,Bikin vlog naik pesawat dan syarat terkini,1,bikin vlog pesawat syarat kini
252,MANTAP KAK.... MANTAPP SEMOGA SUKSES YA KAKKKKK.. AKU AJDI TAHU DEH CARANYA BELI TIKET PESAWAT WLWKWKWKWKKW,2,mantap kak mantapp moga sukses ya kakkkkk ajdi deh beli tiket pesawat wlwkwkwkwkkw
253,Pramugarinya cantik.. IG nya dunk..,2,pramugari cantik ig nya dunk
254,bang kalo nitip barang di bagasi itu kena biaya tambahan kah? bang bagasi itu yang tempat untuk simpan koper diatas tempat duduk itukah? saya masih bingung hehe,1,bang nitip barang bagasi kena biaya tambah kah bang bagasi simpan koper atas duduk bingung hehe
255,Penasaran pengen naik tapi takut jatuh g bisa bangun lagi. ğŸ˜©,0,penasaran takut jatuh bangun
256,"Permisi saya mau tanya judul music awal dri 0 - menit 1 apa judul music nya, dan nge vloger pkai kamera apaan mass??",1,permisi judul musik menit judul musik nya nge vloger pakai kamera mass
257,"Saya simpen videony ahh.. biar ga malu&quot;in pas d Bandara.. <br>Siapa tau brangkat sndiri,, biar ga bingung..",1,simpan videony ahh biar maluquotin pas d bandara brsiapa tau brangkat biar bingung
258,Mau naik pesawat lagi tapi bingung mau kemanağŸ˜‚,0,pesawat bingung mana
259,Judul lagu nya apa bro?,1,judul lagu nya bro
260,"Nonton sambil menghayal dulu, sapa tau nanti bisa traveling2 wkwkwk<br>Vlognya kereenn pokoknya",2,nonton menghayal tau traveling wkwkwkbrvlognya kereenn pokok
261,"mau nanya lagi,untuk bagasi apa ad nomor2 ny atau satu tempat pengambilan saja",1,lagiuntuk bagasi nomor ny ambil
262,kalau A itu urutan kursi ny dekat jendela ?atau gk,1,urut kursi ny jendela
263,Selain KTP apa ajah?,1,ktp
264,Pengalaman saya saat itu mau buang air besar dan mau ke toilet takut,0,alam buang air toilet takut
265,Itu pesawat kecil makanya pintunya si nelakan aja,0,pesawat pintu si nak
266,Kopernya di taruh dimana kak??,1,koper taruh mana kak
267,Lengkap bgtt . Keren,2,lengkap bgtt keren
268,Kak boneka bisa dibawa gak ke kabin?? Ukuran 100cm,1,kak boneka bawa kabin ukur cm
269,Akhirnya ktemu chanel yg leengkap.  Minimal laah gak katrok banget naaik psawat gueğŸ˜.,2,ketemu chanel leengkap minimal laah katrok banget naaik pesawat
270,"Ka Surat Rapid test,kalau di maskapai berlaku ny brpa hari.",1,ka surat rapid testkalau maskapai laku ny
271,Mks bang bisa buat pelajaran,2,terimakasih bang ajar
272,Naik pesawat pertama kali ke taipei...waduhhh deg deg an pas waktu ituğŸ˜†ğŸ˜†ğŸ˜†,0,pesawat kali taipeiwaduhhh deg deg an pas
273,"kang,tolong buat tutorial naik angkot,naik lif,naik kereta api,naik kuda,naik kerbau,",1,kangtolong tutorial angkotnaik lifnaik kereta apinaik kudanaik kerbau
274,"<a href=""https://www.youtube.com/watch?v=9j4Td1SfI7U&amp;t=8m30s"">8:30</a> Kak kalau request tempat duduk gitu ps di konter checkin apakah ga di tambah biaya lagi? yang tahu boleh bantu jawab ya hehe",1,kak request duduk ps konter checkin biaya bantu ya hehe
275,Saya udh berkali2 naik pesawat ttp aja takut keringet dingin dan gk bisa tdr,0,kali pesawat ttp takut keringat dingin tdr
276,"Sebenarnya kalo mau simple bisa pakai bantuan asisten pribadi, cuman gak semua bandara (saya hanya pakai di CGK atau Soekarno Hatta waktu perdana ke luar negri) tapi ya gitulah, mahal ğŸ˜­, tapi simple<br><br><br>Paling penting adalah jangan panik, tetap tenang di pesawat dalam situasi apapun, pilot tau segalanya, jadi kalo terjadi sesuatu ikut kata awak kabin, dan jangan tegang, relax nikmati penerbangannya, rugi kalo bayar mahal malah tegang ğŸ˜€, relax aja dan selalu berdoa ğŸ˜€<br><br><br>Pengalaman berkesan aku yang perdana ke luar negeri itu, jadi kaya orang bego ğŸ˜‚, untung pake kelas bisnis jadi bisa fast track semua, ya gitu deh kalau saya keluar Asia harus pake kelas bisnis, bukan apa apa, aku bakal pusing 7 keliling kalo gak pake fasilitas fast track, tapi kayanya gak semua maskapai punya fast track deh, itu juga baru kali pertama aku keluar Asia<br><br><br>Semangat bang Ikhwan",0,simpel pakai bantu asisten pribadi bandara pakai cgk soekarno hatta perdana negeri ya gitulah mahal simplebrbrbrpaling panik tenang pesawat situasi apa pilot tau awak kabin tegang santai nikmat terbang rugi bayar mahal tegang santai doa brbrbrpengalaman kesan perdana negeri kaya orang bodoh untung pakai kelas bisnis fast track ya deh asia pakai kelas bisnis pusing keliling pakai fasilitas fast track kaya maskapai fast track deh kali asiabrbrbrsemangat bang ikhwan
277,Bang itu kursi nya milih apa dipilihin,1,bang kursi nya milih dipilihin
278,kak saat terbang kita boleh mendengarkan musik dieraphone gak?,1,kak terbang dengar musik dieraphone
279,Mas mau tanya itu snaknya dikasi apa beli,2,mas snaknya kasih beli
280,Terima kasih saya menonton ini di 2021 dan baru kali pertama mau merantau:),1,terima kasih tonton kali rantau
281,Yang paling takut pas naik pesawat ituhh<br><br><br><br><br><br><br><br><br><br><br><br><br><br><br><br>Pengen PipisğŸ¤£,0,takut pas pesawat ituhhbrbrbrbrbrbrbrbrbrbrbrbrbrbrbrbrpengen pipis
282,Nggak sabar banget rasanya pengen pulang kampung. Naik pesawat terbang. <br><br><br><br><br><br><br><br><br><br><br><br><br><br><br><br><br><br><br>Wassalam ğŸ˜‚,2,sabar banget pulang kampung pesawat terbang brbrbrbrbrbrbrbrbrbrbrbrbrbrbrbrbrbrbrwassalam
283,"Dulu mamakuh  alumni PT.dirgantara indonesia di bandung,sekarang dah pindah ke PT.DI tasikmalayağŸ˜…",1,mamakuh alumni ptdirgantara indonesia bandungsekarang pindah ptdi tasikmalaya
284,Keren info nya sukses terus buat channel nya,2,keren informasi nya sukses channel nya
285,Bang tq banget ya udh share video ini..meski gw belom pernah naik pesawat lu ngebantu banget banyak orang di sini.ğŸ™ğŸ‘,2,bang terimakasih banget ya share video inimeski bom pesawat ngebantu banget orang
286,"<a href=""https://www.youtube.com/watch?v=9j4Td1SfI7U&amp;t=22m36s"">22:36</a> ada syahrini :((((((((",1,syahrini
287,Mksih ya Kak.<br>Sdh aku subscribe,2,terimakasih ya kakbrsdh subscribe
288,Aku pernah sitiling sm lion,2,sitiling lion
289,"<a href=""https://www.youtube.com/watch?v=9j4Td1SfI7U&amp;t=10m44s"">10:44</a> mbak nya manis cantik ğŸ˜„ğŸ˜",2,mbak nya manis cantik
290,bang kok mirip moldy sobathape,2,bang moldy sobathape
291,"Makasih vidionya kaa, udh 8 thn yg lalu naik peswat jdi lupaa akutuuğŸ˜‚",2,terimakasih vidionya kaa peswat lupaa akutuu
292,Aku udh pernah naik pesawat nama nya pesawat airasia tujuan nya Jakarta lampung,2,pesawat nama nya pesawat airasia tuju nya jakarta lampung
293,Pesawat Citilink yang kecil nya yaa,0,pesawat citilink nya yaa
294,"<a href=""https://www.youtube.com/watch?v=9j4Td1SfI7U&amp;t=10m43s"">10:43</a> senyum nya:)",2,senyum nya
295,LOBANG IDUNG LU GEDE AMAT WKWKWK,0,lobang hidung wkwkwk
296,Pesawatnya kecil banget,0,pesawat banget
297,Makasiiiii,2,makasiiiii
298,Bang mau nanya klo ktp nya ilang apakah tanda pengenalnya bisa di ganti sama yg lain contohnya sim atau SemacamnyağŸ™ğŸ™ğŸ™,1,bang ktp nya hilang tanda kenal ganti contoh sim macam
299,Pengen naik pesawat tapi takut terbang :(,0,pesawat takut terbang
300,In gw mau ad Study tour buat keluar kota tugas kuliah:) dan baru pertama kali mau naik pesawat... Apalagi ada Berita Sj180:) mau ikut tapi kyak otak itu nolak:) heheh,1,in study tour kota tugas kuliah kali pesawat berita otak tolak heheh
301,Bandung pasti pas lending ada kuburan ya bang,1,bandung pas lending kubur ya bang
302,Oh gk besar kecil termasuk pesawat nya ni soal dri tangga aja gak ada lngsung dri gate lngsung jln ke lapangan pesawar,0,oh pesawat nya ni tangga langsung gate langsung jalan lapang sawar
303,Oh lu ini jlan2 ya travelling idh sumatra smua ya jawa main ke mekkah jeddah hehe gua jg hobi sih naik pesawat tpi pas gua liat covid ya udh gk ukt sementara terbang,1,oh jlan ya travelling idh sumatra ya jawa main mek jeddah hehe hobi sih pesawat pas lihat covid ya ukt terbang
304,Abang trimakasih. Aku senang dan menikmati wkwkwkwkw<br> Sehat sehat abanggg,2,abang trimakasih senang nikmat wkwkwkwkwbr sehat sehat abanggg
305,Wkkwkwk gue ajah gc pernah naik pesawat apalagi kapal laut wkwkwk MAKLUM NDESO,1,wkkwkwk gc pesawat kapal laut wkwkwk maklum ndeso
306,Kok bentar ka penerbangan nya....baru aja makan udah landing...,1,bentar ka terbang nyabaru makan landing
307,Jadi kalo beli online ngk perlu di cetak bang? Soalnya pertama nihğŸ˜° dan sendiri.,1,beli online cetak bang nih
308,Itu Abang pake paspor ga bang,1,abang pakai paspor bang
309,Bang naik pesawat itu rasanya gimana ya??,1,bang pesawat ya
310,"Saung pesawatnya kaya kurang bagus gitu d lihatnya,",0,saung pesawat kaya bagus d lihat
311,"entar di arahin gak,peswt yg mana akan di naiki.klau kk kn yg peswt di ujung",1,arahin gakpeswt naikiklau kk peswt ujung
312,ka nimbang barang atau koper itu kapan,1,ka nimbang barang koper
313,Kalo ngedit videonya pakai apa bang?,1,edit video pakai bang
314,Salkomsel gan,1,salkomsel juragan
315,Tutorial bikin pesawat kapan-kapan bikin content nya ya gan!,1,tutorial bikin pesawat kapankapan bikin isi nya ya juragan
316,Kalau bawa pelajar terbang tapi gak punya kartu pelajar gimna kak?,1,bawa ajar terbang kartu ajar kak
317,"Pengalaman gue naik pesawat dari pesawat mulai terbang sampai tiba ke tujuan, Gue tidur Mulu GK berani buka mata takut mabukğŸ˜†ğŸ˜†",0,alam pesawat pesawat terbang tuju tidur mulu berani buka mata takut mabuk
318,Bawa rokok boleh gk? Saya perokok mskipun bukan perokok berat.<br>Takutnya harga rokok di Inggris mahal...hhhhh,1,bawa rokok okok okok beratbrtakutnya harga rokok inggris mahalhhhhh
319,Permisi kak mau nanya. Kalo mau bandara harus make mobil yaa kak gabisakah naik motor gitu. Hehe? Maksih kak klo berkenan menjawab,1,permisi kak bandara pakai mobil yaa kak gabisakah motor hehe terimakasih kak kenan
320,"Bener2 ngebantu banget sih ini bang, semoga suatu saat bisa naik pesawat.",2,bener ngebantu banget sih bang moga pesawat
321,"Tutorial jelas, baik dan TULUS<br>Semoga bermanfaat .terimakasih",2,tutorial tulusbrsemoga manfaat terimakasih
322,Apa cuma gue yg suka nonton tentang pesawat tapi blm pernah naik pesawat,2,suka nonton pesawat pesawat
323,"MANTAP BANG! Ini alon banget lengkap, santai detail pokoknya mantap dah. Saya yg mau Ada jadwal penerbangan jadi dapat gambaran lah! Ya walopun skrg katanya Pas COVID19 jadi ada praktek tambahan di bandaranya plus Ada aturan2 tertentu lagi.",2,mantap bang alon banget lengkap santai detail pokok mantap jadwal terbang gambar ya walopun pas covid praktek tambah bandara plus atur
324,Aku nonton video ini karena besok mau pulang dann pertama kali naik pesawat,2,nonton video besok pulang dann kali pesawat
325,Emg gak di larang bang masuk ke dalam pesawat sampe bawa cameranya ğŸ™ğŸ™ğŸ™,1,emang larang bang masuk pesawat bawa cameranya
326,Saat ini saya menonton video ini karena baru pertama kali naik pesawat ğŸ˜¦ makasi ngab,2,tonton video kali pesawat makas ngab
327,"gua belum pernah naik yang baling2, kayak nya memang sensasi suara turbo jet itu yang paling seru kalau gua naik pesawat ğŸ˜…",2,baling nya sensasi suara turbo jet seru pesawat
328,Mantap mas ikhwan....jd ingat 10thun yg silam pengalaman dr jkt ke branti lampung,2,mantap mas ikhwanjd thun silam alam jakarta branti lampung
329,"Pertama kali naik pesawat semdirian pula, kayak orang hilang cuyy ğŸ˜…ğŸ˜…",0,kali pesawat semdirian orang hilang cuyy
330,"ASLI SENENG BGT NEMU VIDEO INI.  Makasih ya bang, ini membantu bgt karna jelas dan ramah bgt jelasinnya. <br>Sy mau nanya bang, kalo di Soetta nnti ngambil bagasinya gmn ya? Apa yg perlu diperhatikan? Ada papan rute nya kah spy tau ngantri dimana?<br><br>Dan kalo sepanjang naik pesawat sy mau main hp kaya nnton video dan lagu yg udh didownload gt boleh kan ga asalkan hp sy diubah ke mode pesawat? <br><br>Smg dibantu jawab. Trimakasihh",2,asli senang banget temu video terimakasih ya bang bantu banget ramah banget jelasinnya brsy bang soetta nnti ambil bagasi ya perhati papan rute nya kah tau antri dimanabrbrdan pesawat main hp kaya nonton video lagu didownload hp ubah mode pesawat brbrsmg bantu trimakasihh
331,Thanks bro ;),2,terimakasih bro
332,saya pertama kali naik pesawat saat saya ingin ke singapura menaiki lion air,0,kali pesawat singapura lion air
333,Mas untuk prsyaratan remaja yg belum punya ktp apa aja ya mas .dan baru pertamakali  juga ğŸ™,1,mas prsyaratan remaja ktp ya mas pertamakali
334,Kok off kak??? Aku rindu kakak vlog lagi,1,off kak rindu kakak vlog
335,"Aku belum pernah naik pesawat,ğŸ™",1,pesawat
336,Wow saya naik di Citilink juga di Bali,2,wow citilink bal
337,Seumur2 gw belum pernah naik pesawat. Enakan mana sma naik kereta??? ğŸ˜‚â˜ºï¸,0,umur pesawat enak sma kereta
338,KALO BAWA DRONE ATAU VAPE TARUH NYA DI KABIN ATU BAGASI?,1,bawa drone vape taruh nya kabin satu bagasi
339,"Kak, notebook gimana ya? Masuk bagasi apa kabin?",1,kak notebook ya masuk bagasi kabin
340,Minta wa pramugari nya bg.,1,wa pramugari nya bg
341,Tutorial naik kereta dong bang,1,tutorial kereta bang
342,"Salfok ama kualitas kameranya, pas jalan kaki stabil bgt.. klw boleh tau pake kamera apa bang ikhwan ? ğŸ˜",1,salfok kualitas kamera pas jalan kaki stabil banget tau pakai kamera bang ikhwan
343,Catokan rambut gk bisa dimasukin ke dalam tas ya?,1,catokan rambut dimasukin tas ya
344,Gimana aturan pemakaian hp dalam peswat ka?,1,atur pakai hp peswat ka
345,KALAU NGGAK PUNYA KTP KAYAK MANA?,1,ktp
346,Jd kangen naik pesawat lggiiğŸ˜­ğŸ˜­ğŸ˜“ğŸ˜“ğŸ˜“ğŸ˜“ğŸ˜“,1,kangen pesawat lggii
347,Mantap ğŸ‘ğŸ‘ğŸ‘ğŸ’”,2,mantap
348,Kk mau nanya ni...klo transit itu nnti yg di tunjukan boarding pass nya atau tiketnya kk?? Mhon dijawab kk,0,kk niklo transit nnti tunjuk boarding pass nya tiket kk mohon kk
349,"bang kalo beli tiket online bagusnya pas hari h, h- berapa? terimaksih",0,bang beli tiket online bagus pas h h terimaksih
350,Itu pas mendarat nya ngeri gak?,0,pas darat nya ngeri
351,"<a href=""https://www.youtube.com/watch?v=9j4Td1SfI7U&amp;t=18m37s"">18:37</a> Ada Helikopter TuhğŸ˜‚",1,helikopter tuh
352,Gw udah sering kenapa Masi aja nonton sampe akhir:(,1,nonton
353,Kalo pswt jkt ke manado apa dalam kabin boleh bawa koper roda ukuran 20&quot; mas?,1,pesawat jakarta manado kabin bawa koper roda ukur quot mas
354,Ini bener&quot; mantap ....vlog dari awal sampek selesai....mantap bos kuu,2,benerquot mantap vlog sampek selesaimantap bos kuu
355,Zuuhhh,1,zuuhhh
356,Terimakasih kang.  Sangat bermanfaat.  Penjelasan jelas dan enak di dengarkan. Sukses selalu. Dan semoga sehat selalu,2,terimakasih kang manfaat jelas enak dengar sukses moga sehat
357,Aku pengen banget. Naik pesawat,2,banget pesawat
358,Trs koper di begasi ya.   Mhn jwb smua mas wkwkwk,1,koper begasi ya mohon mas wkwkwk
359,Mas tas nya itu bisa taro dstu?  Ga di atas kepala kita apa tu ya namanya...,1,mas tas nya taro dstu kepala ya nama
360,Halim ye,1,halim ye
361,sumpah bang aku takut ketinggian banget. Liat pas take off aja udah deg2an. Padahal cuma liat di youtube Ya Allah. Tapi makasih tutorialnya,0,sumpah bang takut tinggi banget lihat pas take off degan lihat youtube ya allah terimakasih tutorial
362,Kak sendirian,1,kak
363,Mksh tutorialnya... Mudah2an suatu saat bs naik pesawat...,2,terimakasih tutorial mudah pesawat
364,"Ga pedulilah ini video lama, gw mau cerita pengalaman waktu gw pertama kali naik pesawat, itu naik Sriwijaya kalau gak salah, aku suka banget berdiri dan gak make sabuk pengaman waktu pertama kali naik pesawat, gw pikir gak ada toilet ternyata ada, tapi... Gw norak banget waktu naik pesawat, tapi satu hal yang gw gak mau lakukan di pesawat, B.A.B",0,peduli video cerita alam kali pesawat sriwijaya salah suka banget diri pakai sabuk kam kali pesawat pikir toilet norak banget pesawat laku pesawat bab
365,"Kak, kalo anak yang blom punya ktp terus pergi sendiri naik pesawatnya, itu gimana ya?",1,kak anak ktp pergi pesawat ya
366,Bang......plisss naik pesawat malaysia airlines dongggg.....,0,bangplisss pesawat malaysia airlines dongggg
367,"Bang katanya tdk blh aktf hp dlm pswat, lahh abang video dari dlm pswat, emg blh ea bang aktf kn hp dlm pswat wktu d atas",0,bang blh aktf hp pswat lahh abang video pswat emang blh ea bang aktf hp pswat d
368,"Biar ud 4 x naik pesawat,tetep msh keder jgğŸ˜",0,biar x pesawattetep keder
369,"perdana naik pesawat pakai lion air. itupun tiket d belikan perusahaan. dapat penerbangan pagi, niat dari rumah pengen foto2 bareng keluarga dlu d bandara, karna waktunya d isukan udah mepet d buru2 sama temen buat cepet2 masuk. sekalinya udah d dalam waktu masih lama. rasanya esmosi sama temen dan keluarganya pas udh sampe jakarta",0,perdana pesawat pakai lion air itu tiket d belikan usaha terbang pagi niat rumah foto bareng keluarga d bandara d isu mepet d buru temen cepat masuk sekali d esmosi temen keluarga pas jakarta
370,Pakai identitas SIM bisa nggak bang..,1,pakai identitas sim bang
371,Kak didalem pesawat pegang hp ngga papa ya? Saya minggi rencana mau naik pesawatt dan ini baru pertama aku naik pesawat jd cari cari tauu tatacara naik pesawat hehe,0,kak dalem pesawat pegang hp papa ya minggi rencana pesawatt pesawat cari cari tauu tatacara pesawat hehe
372,Pertama kali gw naik pesawat masih bocil kelas 3 SD bang wkwk waktu itu make Air asia A320 Medan - Kuala Lumpur...ya cuman bisa ngekorin emak aja gatau kek mana chek in...untung jugak bandara nya gak besar amat karna masih di Polonia belum pindah ke Kualanamu...pas nyampe ruang tunggu astaga rame bener karna cuman 1 ruang tunggu ny padahal itu flight pagi jam 5... pas mau take off deg deg serser juga karna seat gw samping window bisa liat kebawah...tapi gw suka si fligt pagi  nya bisa liat sunrise...waktu jaman itu gw gak inget dapet free snack apa engga wkwkw tapi gw sempet beli pulpy orange sampe bingung haga di pesawat lebih mahal dari toko deket rumah gw...untung jugak flight nya gak ada transit segala jadi cepet nyampe...jadi pengen terbang lagi tapi kapan ya wkwkw,0,kali pesawat bocil kelas sd bang wkwk pakai air asia medan kuala lumpurya ngekorin emak tau chek inuntung bandara nya polonia pindah kualanamupas ruang tunggu astaga ramai bener ruang tunggu ny flight pagi jam pas take off deg deg serser seat samping window lihat kebawahtapi suka si fligt pagi nya lihat sunrisewaktu jaman dapet free snack wkwkw sempet beli pulpy orange bingung haga pesawat mahal toko rumah gwuntung flight nya transit cepat nyampejadi terbang ya wkwkw
373,"ka thank u yah udah buat content yang manfaat, semoga content nya berkah trus kakak juga selalu sehat biar bisa terus bermanfaat buat orang banyak aamiinnn ...",2,ka thank yah isi manfaat moga isi nya berkah kakak sehat biar manfaat orang aamiinnn
374,Sangat bermanfaat.. Sukses selalu mas,2,manfaat sukses mas
375,"Gini ni bru lengkap, gk kyk channel2 laen",2,ni lengkap channel
376,Pertama kali naik pelita air . Fokker 100,0,kali pelita air fokker
377,makasih kak buat tutorialnya secara blm pernah ngalamin ğŸ˜†ğŸ˜†,2,terimakasih kak tutorial ngalamin
378,Nonton ini karna minggu depan first time mau ke lombok huhu,2,nonton minggu first lombok huhu
379,Terimakasih kak...saya serasa naik pesawat beneran sumpah  wkwkwk... serasa duduk tepat di kursi kaka wkwk liat pesawat lain liat majalah2 dll hehe,2,terimakasih kaksaya serasa pesawat beneran sumpah wkwkwk serasa duduk kursi kaka wkwk lihat pesawat lihat majalah lain hehe
380,Makasih bg mntapğŸ‘ğŸ‘ğŸ™,2,terimakasih bg mantap
381,Terimakasihh bang<br>Tutorialnya lengkap kaliii,2,terimakasihh bangbrtutorialnya lengkap kaliii
382,Bawa mainan boleh,1,bawa main
383,amin moga gwe taun depan bsa nerbangin ni pesawat aminn amin dahh ....,1,amin moga nerbangin ni pesawat aminn amin dahh
384,"Jadi rindu the first experience naik pesawat, waktu itu dapat pembinaan osn provinsi, dari pak kabid..<br>Kualanamu international airport(Medan) to Husein Sastranegara international airport (Bandung).<br>Huu jadi rindu...<br>Jadi mewek kan tu .....ğŸ˜–",2,rindu the first experience pesawat bina osn provinsi kabidbrkualanamu international airportmedan husein sastranegara international airport bandungbrhuu rindubrjadi nang
385,Mantap bangett.. ğŸ˜,2,mantap bangett
386,Luar biasa tutorialnyağŸ‘ sukses selalu.,2,tutorial sukses
387,pengalaman naik pesawat wktu itu k Samarinda....hati hilang..tpi pengen bgtu&#39;&#39; mulu.......seruuu low naik pesawat,2,alam pesawat k samarindahati hilangtpi muluseruuu low pesawat
388,"Kak klw ransel,,,berat ya di batasi kak..",0,kak ranselberat ya batas kak
389,Lengkap banget ğŸ˜Š,2,lengkap banget
390,Mas di dlm peswat blh main hp ??? Atau kita menggunkan mode peswat,0,mas peswat blh main hp mode peswat
391,Wih kalau begini aku harus naik pesawat,2,wih pesawat
392,Tutorial naik pesawat ke luar negeri dong bang,1,tutorial pesawat negeri bang
393,Bang kalau KTP belum jadi diganti pake kartu pelajar apa bisa bang?,1,bang ktp ganti pakai kartu ajar bang
394,Assalamualaikum bang ikhawan..mau tanya donk.<br>Kalo kita check in mau request duduk di window kena biaya brp duit ya bang,1,assalamualaikum bang ikhawanmau donkbrkalo cek in request duduk window kena biaya duit ya bang
395,Mantap kak.  Sukses selalu,2,mantap kak sukses
396,Kak saya bingung kmarin liat di tutorial satunya dianya kok mesin check in mandiri dulu dan dicetak sendiri tiketnya? Tapi kalo kakak tadi tak lihat pertama kali tiba di terminal kakak langsung menuju pengecekan barang bagasi? Jadi gimana kak perbedaanya...mohon pencerahannya...makasih,0,kak bingung kemarin lihat tutorial satu dia mesin cek in mandiri cetak tiket kakak lihat kali terminal kakak langsung kece barang bagasi kak perbedaanyamohon pencerahannyamakasih
397,"Video terlengkap , bagus ğŸ‘",2,video lengkap bagus
398,Kalo gak punya ktp gimana?,1,ktp
399,"Bismillah, penerbangan pertama-ku November 2020 mendatang rute Jakarta - Makassar by Batik Air ğŸ›©",2,bismillah terbang pertama november rute jakarta makassar by batik air
400,"Assalamualaikum bang mau nanya donk mudahan2an di jawab.<br>Kalo mau pesan tiket pesawat online,kira2 brp hari sebelum keberangkatan",1,assalamualaikum bang donk mudahanan jawabbrkalo pesan tiket pesawat onlinekira berangkat
401,Kau siapa aku gak tahuğŸ˜ƒğŸ˜ƒ,0,kau
402,Kak kalo kita transit dri jambi-jakarta-banjarmasih gimna? Mohon bantuannya kk,1,kak transit jambijakartabanjarmasih mohon bantu kk
403,Ini bener2 membantu banget kakğŸ‘,2,bener bantu banget kak
404,nge vlog di bandara boleh gak Mas???,1,nge vlog bandara mas
405,"Kalau belum punya KTP saat check in gimana bang,pakai kartu keluarga boleh ?",1,ktp cek in bangpakai kartu keluarga
406,"mintak tolong jelasin dong kak yg namanya 1 kali trasit atau 2 kali transit,,,soalnya saya blum pernah naik pesawat,,,rencananya mau dari surabaya ke palembang,,,heheh",0,mintak tolong jelasin kak nama kali trasit kali transitsoalnya pesawatrencananya surabaya palembangheheh
407,Laptop boleh dibawa ke kabin gak sih bang? ğŸ˜,2,laptop bawa kabin sih bang
408,Kak ikhwan kalo mahasiswa yg belum punya ktp pake apa?,1,kak ikhwan mahasiswa ktp pakai
409,saya naik pesawat pertama kali pas masih kecil waktu itu naik garuda indonesia dri jogja ke pangkalpinang selanjutnya saya lupa hehehe,2,pesawat kali pas garuda indonesia jogja pangkalpinang lupa hehehe
410,bagus banget kak tutorialnya buat mereka yg pertama kali naik pesawat.good job for you kak ikhwan,2,bagus banget kak tutorial kali pesawatgood job kak ikhwan
411,"Mau tanya ka ,supaya kita tau pesawat yang kita tuju bner apa salah gimana? Takutnya salah masuk pesawatğŸ˜…",0,ka tau pesawat tuju salah takut salah masuk pesawat
412,"membantu banget buat first-timer nih. terima kasih banyak kak, sukses terus!",2,bantu banget firsttimer nih terima kasih kak sukses
413,"Bang kalo terbang sendiri dan masihi bawah umur gimana tuh bang?,saya udah punya pasport sama kartu pelajar,saya mau pergi ke bangka",1,bang terbang masih umur tuh bangsaya pasport kartu pelajarsaya pergi bangka
414,Tiket online masih berlaku nggk bang sampe sekarang.?,2,tiket online laku bang
415,Makasih bang ikh aku bisa naik pesawat,2,terimakasih bang ikh pesawat
416,Terimakasih kak infonya..,2,terimakasih kak informasi
417,Mas ihwan,1,mas ihwan
418,"Bang, biasanya kalau di imigrasi luar negeri ditanya apa aja?",0,bang imigrasi negeri
419,Oh ini anak pesawat â˜ºï¸ terkecil<br>Ak jgk pernah naik loh,0,oh anak pesawat terkecilbrak jgk loh
420,"wahhh.... keren skali konten nya, sangat bermanfaat kak, sukses ya semoga saya bsa seprti anda, kalau berkenan boleh berkunjung ke channel saya hehe",2,wahhh keren konten nya manfaat kak sukses ya moga seprti kenan kunjung channel hehe
421,"Pengen naik pesawat tapi takut,takut di ketawain orang lain karna belum pernah,pasti kaku banget dan bingung.",0,pesawat takuttakut ketawain orang pernahpasti kaku banget bingung
422,Assalamualaikum bang mau tanya koper ukuran 20 dan berat dibawah 7kg itu bisa free cabin kan? Mks bang,2,assalamualaikum bang koper ukur berat bawah kg free cabin terimakasih bang
423,"<a href=""https://www.youtube.com/watch?v=9j4Td1SfI7U&amp;t=10m42s"">10:42</a>ğŸ˜",1,
424,tapi kak kalau anak kecil kan ngak punya ktp terus digandi apa,1,kak anak ktp gandi
425,Belum pernah naik pesawat krn blm brani mudah2n nti kesampaian naik pesawat dan berani ğŸ˜­,0,pesawat brani mudahn pesawat berani
426,SAYA TAKUT NAIK PESAWAT ğŸ˜­ğŸ˜­ğŸ˜­,0,takut pesawat
427,Aku September 2020 mau ke Bali tp nonton ini mbntu sekali jadi ga bingung lg kl nanti k Bali naik pesawat pertama kali nya. <br>Terima kasih kak atas vlog nyağŸ‘ğŸ˜€,2,september bal nonton mbntu bingung kl k bal pesawat kali nya brterima kasih kak vlog nya
428,"Good, petunjuk yg sangat lengkap. Thnks kak",2,good tunjuk lengkap thnks kak
429,Mudah mudahan aku bisa dapet kerjaan yang tugasnya keliling Indonesia dan bisa ngerasain naik pesawat hehe. Aaamiiin.,2,mudah mudah dapet kerja tugas keliling indonesia rasa pesawat hehe aaamiiin
430,Kalo misalkan enggak punya KTP terus mau boarding nya gimana?,0,ktp boarding nya
431,Dari semua video ini yg paling lengkap.  Makasih ya.  Ngebantu banget videonya. ğŸ™‚ğŸ™‚<br>Sukses terus..,2,video lengkap terimakasih ya ngebantu banget video brsukses
432,Pengalaman pertama sprt kurang oksigen deg degan ğŸ¤£,0,alam oksigen deg degan
433,Dlm peswat boleh main hp bang?,2,peswat main hp bang
434,Klo kita pesan online sdh ada tiketx apkh hrus dprint LG utk jd tiket bru cek in?,2,pesan online tiketx apkh dprint tiket cek in
435,Ke Bandung Rp 300.000 belum rapit test Rp 550.000 total Rp 800.000 itung keseluruhan belum tambah biaya rapit test swab,0,bandung rupiah rapit test rupiah total rupiah hitung biaya rapit test swab
436,Kakak. Saya pernah juga sitilik,2,kakak sitilik
437,"Keren banget mas tutorialnya,, jujur penasaran caranya naik pesawat, karena parno yg pasti. Berhubung pengen mudik &amp; ingin mempersingkat waktu mau ga mau mesti nyoba, n first time. Oh ya mas kalo dari halim biasanya kita datang brp jam sebelum keberangkatan ya?",2,keren banget mas tutorial jujur penasaran pesawat parno hubung mudik amp singkat mesti nyoba n first oh ya mas halim jam berangkat ya
438,Kalo bawa koper itu apa harua ambil bagasi? lha cara ambil atau gak bagasinya gimana kak?<br><br>Terimakasih,0,bawa koper harua ambil bagasi lha ambil bagasi kakbrbrterimakasih
439,"Tutorialnya sangat berguna bang, terima kasih",2,tutorial guna bang terima kasih
440,Syaa deg deg kn kli pertama naek.pesawat Lion air,0,syaa deg deg kli naekpesawat lion air
441,"Very helpful, thank you",2,very helpful thank
442,Sangat bermanfaat,2,manfaat
443,Jadi pengen naik pesawat tapi takut jatuh,0,pesawat takut jatuh
444,Faizal Ribhi kelas 2,1,faizal ribhi kelas
445,Kok boleh ngerekam di balik pos security pemeriksaan bagasi bang?,2,ngerekam pos aman periksa bagasi bang
446,Tutorial paling jempol...  Tetep aku lht bang...  Mskipun udh prnh bbrpkali naik pswt..,2,tutorial jempol lihat bang bbrpkali pesawat
447,Masih ngumpulin keberanian buat naik pesawat ğŸ˜‘ bawaanya tuh mikir yg jelek2 ajaaahhhhh ğŸ˜‚,0,ngumpulin berani pesawat bawaanya tuh berfikir jelek ajaaahhhhh
448,Intinya MODAL DUIT DAN MODAL PERCAYA DIRI WKKW,1,inti modal duit modal percaya wkkw
449,"Tutorialnya bagus, singkat, padat dan lengkap. <br>Dulu pertama naik tangga pesawat kaya naik tiang gantungan deg-degan ğŸ˜ƒğŸ˜ƒğŸ˜ƒ",2,tutorial bagus singkat padat lengkap brdulu tangga pesawat kaya tiang gantung deg-degan
450,Sipa masih nonton 2020,1,sipa nonton
451,Sangat bermanfaat ğŸ˜ŠğŸ’—,2,manfaat
452,Kalo ke Korea?ğŸ˜­,1,korea
453,"Komplit banget mass, thx",2,komplit banget mass terimakasih
454,Bang saya masih bingung tentang bagasi gratisnya,2,bang bingung bagasi gratis
455,Baru pertama mau naik pesawat aja jauh banget ngajaknya ...ke India ??? Gua bingung kira&quot; kalo pas pulang gua bisa ngga ya ....galau tingkat dewaaaaa,0,pesawat banget ngajaknya india bingung kiraquot pas pulang ya galau tingkat dewaaaaa
456,Tolong pesan 17 Airbus a380800 <br><br>16 untuk lie family airlines<br>1 untuk bakso bang darren,1,tolong pesan airbus brbr lie family airlinesbr bakso bang darren
457,Ka mau nanya kan saya belum punya KTP apakah bisa pakai dokumen yang lain selain KTP?,1,ka ktp pakai dokumen ktp
458,"Ka Ikhwan, apakah kalo kita naik Citilink Airbus A320 bisa request kursi secara gratis di counter check in?",2,ka ikhwan citilink airbus request kursi gratis alat hitung cek in
459,Gimana cara tahu jenis pesawatnya,1,jenis pesawat
460,"Bagus tutorialnya kak, sangat membantu.<br><br>Pertama kali naik peswat tahun 2017, itu juga dibayar karena ikut lomba. Waktu itu ditemani pembimbing (guru saya)jadi semuanya diurus dan saya tinggal ikutin saja. Awal masuk bingung sampai salah tempat duduk, saya pikir tingga pilih tempat sendriğŸ˜†, Selain itu, bingung pasangin sabuk pengaman dan membuka mejanya. Wakwakwak.<br>Penerbangan selama 45 menit hanya lihat-lihat dalam peswat dan luar peswat, dan parahnya pas mau landing salah satu teman saya (peserta lomba) mabuk dan mutah.<br>Saya juga terbawahkan namun saya berusaha menahan.<br>Yang lebih parah lagi, layar hp saya pecah karena ditinggal dalam saku koper paling depan yg dititip di bagasiğŸ˜…. Untung uang lomba bisa buat beli hp baru tapi saya ciuma ganti layar saja.<br>Dari saat itu sampai saat ini, belum perna naik lagi. <br><br>Saya juga mau tanya dong kak.<br>Kan kemarin saya bawah koper, kalau bawah tas ransel berisikan pakaian apa dibawah kita atau dititip di bagasi kak?",2,bagus tutorial kak membantubrbrpertama kali peswat bayar lomba tani bimbing guru sayajadi urus tinggal ikutin masuk bingung salah duduk pikir tingga pilih sendri bingung pasangin sabuk kam buka meja wakwakwakbrpenerbangan menit lihatlihat peswat peswat parah pas landing salah teman serta lomba mabuk mutahbrsaya bawah usaha menahanbryang parah layar hp pecah tinggal saku koper titip bagasi untung uang lomba beli hp ciuma ganti layar sajabrdari perna brbrsaya kakbrkan kemarin koper tas ransel risi pakai bawah titip bagasi kak
461,Pertama kli naek pesawat jantung aq mau copot tkut,0,kli pesawat jantung lepas takut
462,Ka kalo misalkan anak umur 17 kebawah kita hrs tunjukin apa ya kan kalo 17 ke atas tunjukin ktp apakah kartu pelajar?,1,ka anak umur bawah tunjuk ya tunjuk ktp kartu ajar
463,Kalau check in pakai kartu pelajar bisa ngga ya kak.,1,cek in pakai kartu ajar ya kak
464,"Kak ikhwan mau tanya, kalo naik pesawat domestik itu harus pake paspor atau nggk?",1,kak ikhwan pesawat domestik pakai paspor
465,assalam&#39;mualaikum hlo semua mas ini bisa pulang ke bandung sy juga tp kenapa karena ia mau dengan QG 330,1,assalammualaikum hlo mas pulang bandung qg
466,Kalo naik pewasat sepatu ato sandal hrs dilepas baru naik tangga peswat,1,pewasat sepatu ato sandal lepas tangga peswat
467,Maap ni bg saya mau nnyk:) klw kita bawak vape atau yg apa lh itu. Apakah itu kita mengenakan pajak nya atau kita dilarang membawak nya? Mohon maap bg saya blm prnh naek pesawat:) smga ini rencana mau berangkat ke batam:),1,maap ni bg nnyk bawak vape lh kena pajak nya larang bawak nya mohon maap bg pesawat moga rencana berangkat batam
468,Gimana kalau KTPnya mati mas?,1,ktpnya mati mas
469,Penjelasannya sangat membantu  detail banget  terimakasihğŸ™ğŸ‘Œ,2,jelas bantu detail banget terimakasih
470,"Mas, ekonomi citilink kurang lebih jarak leg room nya begitu semua atau gmn ya?",0,mas ekonomi citilink jarak leg room nya ya
471,"Pertama x naik EMG deg2kan jg sih  THN 2017, tp skrg malah gak mau LG naik bus,.capek, lebih enak naik pswt .",0,x emang deg sih buscapek enak pesawat
472,Gimana kalo yg belum punya KTP bg seperti pelajar,1,ktp bg ajar
473,Makasih infonya Bang,2,terimakasih informasi bang
474,pake kamera apa bang?,1,pakai kamera bang
475,Kalau KTP di ganti kartu identitas lain bisa kak ? Seperti SIM atau yg lain,1,ktp ganti kartu identitas kak sim
476,aku beberapa kali aku naik pesawat bulak balik singpur ke dki jakarata jadiyah dah tau semua cara naik pesawat yang belum naik atau yangbelun naik beginilan cara naik pesawat janganlupa subrek mudahloh sekarang,2,kali pesawat bulak singpur dki jakarata jadiyah tau pesawat yangbelun beginilan pesawat janganlupa subrek mudahloh
477,bismillah moga lancar first flight nanti,2,bismillah moga lancar first flight
478,Tooop,2,tooop
479,Sehat selalu yh kak,2,sehat yh kak
480,Udah sering sih naik pesawat tapi suka bingung pas kita mau duduk di tengah kanan atau kiri ğŸ¤£,0,sih pesawat suka bingung pas duduk kanan kiri
481,"kak biasanya open gate itu cuma untuk satu tujuan aja kan? ga mungkin tujuannya di gabung? misalnya ada 2 pesawat citilink yg mau terbang dgn tujuan Bandung &amp; Bali, nah open gatenya satu2 kan? misal Bali dulu nih abis itu Bandung gitu kan?",1,kak open gate tuju tuju gabung pesawat citilink terbang tuju bandung amp bal open gatenya bal nih habis bandung
482,Pak kan aku baru pertama naik pesawat pak kalau aku gak mau ngerasa ngeri gimana tu pak,0,pesawat ngeri
483,Kak saya masih umur 16 thn sya mau pulang kampung sendiri..lahkan sya blm pnya KTP emng bsa kak naik pesawat?,1,kak umur pulang kampung sendirilahkan ktp emang kak pesawat
484,"Sdh banyak kunonton Tutorial , cuma ini yg bisa kumengerti terimakasih bro ğŸ™ğŸ»ğŸ™ğŸ»ğŸ™ğŸ»ğŸ‘ğŸ»ğŸ‘ğŸ»ğŸ‘ğŸ»ğŸ¥°",2,kunonton tutorial erti terimakasih bro
485,"Bang berarti naik pesawat sama naik kereta sama aja ya ? Tahapnya ga jauhÂ² dari ; beli tiket (dapet kode booking), ke counter check ini buat cetak tiket (boarding pass), tunggu pintu masuk kereta, naik kereta.<br><br>Kecuali mungkin kereta ga pake acara cek keamanan, ga pake jalanÂ² jauh, sama ga bingung urus barang bawaan yg over kapasitas (harus bagasi), dan pengurusan imigrasi utk penerbangan intern.<br><br>Kalau ada kekurangan atau kekeliruan mohon di koreksi. Oiya, saya mau tanya dong :<br>1. Untuk proses transit bagaimana ya ? Apakah nanti di boarding pass kita di bandara 1 dikasih tau ttg gate, nomer pesawat nomer kursi setelah sampai di bandara trabsit ? Dan nanti setelah turun bandara kita bisa langsung ke gate buat nunggu keberangkatan selanjutnya ? Atau setelah sampai di bandara transit kita perlu check in ulang dan ngulang step seperti di video ?<br><br>2. Terkait barang bawaan, yg boleh dibawa ke kabin pesawat itu barang apa aja ya mas ? Laptop dan aksesorisnya (charger) apakah bisa ? Saat pengecekan apakah hp juga harus di taruh di tas dan bukan di saku ?",1,bang pesawat kereta ya tahap jauh beli tiket dapet kode booking alat hitung cek cetak tiket boarding pass tunggu pintu masuk kereta keretabrbrkecuali kereta pakai acara cek aman pakai jalan bingung urus barang bawa over kapasitas bagasi urus imigrasi terbang internbrbrkalau kurang keliru mohon koreksi oiya proses transit ya boarding pass bandara kasih tau ttg gate nomor pesawat nomor kursi bandara trabsit turun bandara langsung gate nunggu berangkat bandara transit cek in ulang ulang step video brbr kait barang bawa bawa kabin pesawat barang ya mas laptop aksesorisnya charger kece hp taruh tas saku
486,Bang umur 12 tahun boleh ga naik pesawat terus kalau bayarnya lewat online pantes nya pembayaranya yang mana kak ikhwan,1,bang umur pesawat bayar online nya bayar kak ikhwan
487,"Klo koper itu masuk begasi gak bang, atau boleh dibawa di kabin pesawat",1,koper masuk begasi bang bawa kabin pesawat
488,Saya sangat senang waktu terbang dari surabaya ke madinah naik boieng 747 400,2,senang terbang surabaya madinah boieng
489,Kalao ga punya ktp gimana bang? Boleh pake kartu pelajar?,1,kalao ktp bang pakai kartu ajar
490,"Mas,, Kalau blm pnya KTP. Misalnya msh berumur 13 thn itu boleh naik pesawat gaa????  Tolong di jwbb",1,mas ktp umur pesawat gaa tolong jwbb
491,Lusyuuu banget sihhhhhhhğŸ¥°â¤,1,lusyuuu banget sihhhhhhh
492,Panduan youtubers paket Complitt detail sekali apa lagi untuk pemula   Thankz bgt ksih info lengkapp..sukses y bang,2,pandu youtubers paket complitt detail mula thankz banget kasih informasi lengkappsukses y bang
493,Dipesawat boleh buka hp kan bang kecuali menghidupkan data?,1,pesawat buka hp bang kecuali hidup data
494,"gila bang lengkap banget, gate aja dikasitau artinya, makasih bang",2,gila bang lengkap banget gate dikasitau terimakasih bang
495,sangattt membantu sekali mas penjelasannyağŸ‘,2,sangattt bantu mas jelas
496,Kalo ga punya KTP gimana bang?,1,ktp bang
497,Kalo udah check in mandiri harus ke konternya nggak bang?,1,cek in mandiri konter bang
498,"<a href=""https://www.youtube.com/watch?v=9j4Td1SfI7U&amp;t=0m11s"">0:11</a>",1,
499,"anjay langsung Full thortel <a href=""https://www.youtube.com/watch?v=9j4Td1SfI7U&amp;t=15m20s"">15:20</a> pesawatnha.",1,anjay langsung full thortel pesawatnha
500,Bang itu sampean kan pake citilink jadi waktu mau ke gate tuh lurus aja? Kalo saya nih make Batik Airbrarti klo kegate belok kanan?<br><br><br>Via HalimPerdanakusuma,1,bang sampean pakai citilink gate tuh lurus nih pakai batik airbrarti kegate belok kananbrbrbrvia halimperdanakusuma
501,"Pertama kali naik pesawat November 2019 Cengkareng-Bali PP dengan air asia. <br><br>Aku kan takut bgt ketinggian. Pas berangkat, aku kek B aja. Karena aku tidur sambil denger musik. Wkwkw tau2nya sampe di Ngurahrai.cuaca cerah juga.<br><br><br>Pas ke Soetta, cuaca ga bersahabat. Berasa bgt getaran.  Kata tmn sebelah itu karena awan. Trs pesawat nurun tiba2 gw kaget dong . Langsung istighfar wkwkw. Kta temen sebelah, tenang ta, itu krn kita mau mendarat wkwkw. Sumpah takut gue bang. Wkwkwk norak bgt gue. Wkwkw<br><br><br>Btw dr pesawat, gue bisa liat pemandangan keren bgt bang, liat awan, trs liat kilatğŸ˜…ğŸ˜…ğŸ˜…<br><br><br>Kangen naik lagi wkekw",0,kali pesawat november cengkarengbali pp air asia brbraku takut banget tinggi pas berangkat bb tidur denger musik wkwkw tau ngurahraicuaca cerah jugabrbrbrpas soetta cuaca sahabat asa banget getar teman belah awan pesawat nurun kaget langsung istighfar wkwkw temen belah tenang ta darat wkwkw sumpah takut bang wkwkwk norak banget wkwkwbrbrbrbtw pesawat lihat pandang keren banget bang lihat awan lihat kilatbrbrbrkangen wkekw
502,Pertama kali aku naik air asia . Ckg denpasar PPğŸ˜¬ğŸ˜¬ğŸ˜¬,1,kali air asia ckg denpasar pp
503,Bang kalau chek-in pake ktp lama bisa gak ?<br><br>Soalnya ektp saya blm ada,1,bang chekin pakai ktp brbrsoalnya ektp
504,"Bang klo kita misal bawa koper,,waktu ke counter check in dikasih ke mba mab nya?",1,bang bawa koperwaktu alat hitung cek in kasih mbak mab nya
505,lengkap bangett makasih banyak bang sangat bermanfaatğŸ˜ğŸ˜,2,lengkap bangett terimakasih bang manfaat
506,Makasih bangg sukses terus,2,terimakasih bangg sukses
507,"Bang Ikhwan,,kita tuh gaboleh nyalain ponsel waktu take off dan landing aja??? Kalo pesawat udah stabil diudara boleh make ponsel asalkan dalam airplane mode,,,bener gak bang?",1,bang ikhwankita tuh nyalain ponsel take off landing pesawat stabil udara pakai ponsel airplane modebener bang
508,Ambil di bagasinya gimana?:v gw parah bang masih bahlul bener  soal ke pesawat,1,ambil bagasi gimanav parah bang bahlul bener pesawat
509,Mantap jd gk ragu lg,2,mantap ragu
510,"Bang,pesawat ATR kek gitu buat jarah jauh bisa ga? Kan abang dari jakarta ke bandung,,,, klo saya mo rencana ke kualanamu take off di djuanda",1,bangpesawat atr jarah abang jakarta bandung rencana kualanamu take off djuanda
511,Yg luar negeri dong bang.. dr awal mpe keluar bandara.. aku mau ke amerika oktober besok tapi takut nyasar dibandara wkwkkw,0,negeri bang bandara amerika oktober besok takut nyasar bandara wkwkkw
512,"Belum baru mau naik pertama, takut. Takut bngt, soalnya takut ketinggian. ğŸ˜”ğŸ˜",0,takut takut bngt takut tinggi
513,Terima kasih kakğŸ˜‡,2,terima kasih kak
514,Ka mau tanya dong aku bru pertma kali booking tkt pesawat onlne jd pas dftr aku ketik nama depan nurul huda dn belakangnha huda lg jd nurul huda huda masalah ga ya ka ya Allah aku bngung malah lg sikon bgni respon maskapai susah sekali .<br>Maslah ga ya ka ? Apa msh bisa nanti ? Apa bner2 gagal gitu ya Allah sedih bgt malah pertma x masa gagal ğŸ˜£ğŸ˜¢ pliss yg tau bantu jawb ya kaka makasih,1,ka pertma kali booking tkt pesawat onlne pas dftr ketik nama nurul huda belakangnha huda nurul huda huda ya ka ya allah bngung sikon bgni respon maskapai susah brmaslah ya ka gagal ya allah sedih banget pertma x gagal pliss tau bantu jawb ya kaka terimakasih
515,Ica (aisyah) pramugarinya msk vlog...,1,ica aisyah pramugari msk vlog
516,"Tutorial pertama kali naik pesawat ini sangat bagus mas, jadi tau mas kalau naik pesawat jadi paham, ihya bang bikin tutorial transit pesawat mas (transitnya boleh domestik maupun internasional)",2,tutorial kali pesawat bagus mas tau mas pesawat paham ihya bang bikin tutorial transit pesawat mas transit domestik internasional
517,Bali-jakarta naik busss capekkkkk di perjalanan...pingin naik pesawat tp bingung beli tiket nya yg bukan onlin.soalnya klo bli onlin saya gk paham,0,balijakarta busss capekkkkk perjalananpingin pesawat bingung beli tiket nya onlinsoalnya bli onlin paham
518,Bang kan misal aku pesan tiket pesawat terus ada 2 orang gitu pesan pake nama ku . Terus waktu chekin itu kan nunjukin e-tiket sama ktp . Trus di situ KTP aku aja atau KTP penumpang dua dua nya ? Aku dengan penumpang 1 nya ?,1,bang pesan tiket pesawat orang pesan pakai nama ku chekin nunjukin etiket ktp situ ktp ktp tumpang nya tumpang nya
519,Kalau citilink gratis bagasi 20 kg ya bang?,2,citilink gratis bagasi kg ya bang
520,Kebetulan saya pas puasa mau Liburan ke Balikpapan tolong jelaskan y kak gmn cara transit,1,pas puasa libur balikpapan tolong y kak transit
521,Kak cara transit gmn kak,1,kak transit kak
522,Kak mau nanya semisal baru pertama kali naik pesawat tapi belum ada KTP adanya Kartu Pelajar gimana kak?,1,kak kali pesawat ktp kartu ajar kak
523,Bang aku mau tanya Kalau Misal Belum punya KTP bisa Ngga Pakai Kartu Pelajar ??,1,bang ktp pakai kartu ajar
524,Di ruang tunggu citilink apakah ada musholla?,1,ruang tunggu citilink musholla
525,Ngeri2 gmna gtu waktu naik pesawat SQ ke SG pertama x untung naik SQ,0,ngeri pesawat sq sg x untung sq
526,Tutorial ke luar negeri donk,1,tutorial negeri donk
