text,label
"Jadi mengenang....dulu pertama kali naik pesawat karena dapat beasiswa kuliah di Inggris (Newcastle), deg-degan secara ini naik pesawat pertama kali plus ada transitnya pulak di Dubai...datang ke Soetta dari Salatiga naik kereta api turun di Gambir, deg-degannya minta ampun..naik damri ke Soetta turun di terminal 2D...cek in paspor masih kosong kecuali bisa student UK yang nempel...ditanyain tiket pulang nya saya gelagapan hahha lupa kalo saya mau studi yang gak perlu tiket balik...habis cek in jalan ke imigrasi..yang antriannya minta ampun...ditanya2 ama petugas imigrasinya gak percaya kalo saya mahasiswa beasiswa, karena pakaian saya yang lusuh karena perjalanan dari daerah ke ibukota... Habis imigrasi lumayan lega perasaannya...sambil tunggu boarding saat itu Emirates jadwal pukul 0015 cmiiw..saya sakit perut Mulu karena saking tegangnya...hahah naik pesawat untungnya di aisle karena saya tetap tegang dan pengen ke WC Mulu...paling lucu pas mpe Dubai kirain transit itu gak turun pesawat wkwkkw saya nunggu dipesawat terus mpe &quot;diusir&quot; pramugarinya karena pesawat mau dibersihkan dan saya disuruh ke transfer counter untuk melaporkan diri kalo saya mau transfer ke pesawat yang ke Newcastle...wkwkw mpe Newcastle bingung lagi karena gak tau orang yang jemput saya tunggu dimana...wkwkw hadeuh pengalaman masa lalu sungguh indah sekali...sekarang kerja di Singapore tiap bulan pulang ke Jateng naik silk air/airasia yang direct ke Semarang, Alhamdulillah...",2
Bang jika hanya nunjukin ktp bisa gak? Di konter..  tanpa harus nunjukin bukti tiket pemesanan,1
Makasih dek ya untuk mengalaminya untu naik pesawat,2
"Biasanya gue naik pesawat ngekor. Ortu kemana gue kesono, sekolah kemana gue nikut aja gak ngerti 🤣 skr gue perlu berangkat sendiri sumpah bingung 😖",0
Pertama kali naik pesawat dari pnk menuju Jakarta tegang banget...insya Allah akhir tahun ini saya mw k Jogja pandai kangen dgn aroma udara pesawat🤭,2
seru llo naik peswat it,2
Bang serius nanya. Kalo koper lebih dari 7 kg tuh kan harus dimasukin bagasi dan yg kurang dari 7 kg boleh dibawa ke kabin ya. Trus pas di pemeriksaan koper yg lebih dari 7 kg itu kopernya dibawa lagi kita yang urus apa ditinggal aja dan petugasnya yg urus?,1
Selamat siang bang trma kasih sudah berbagi pengalaman yang menarik,2
Cm aq mungkin yg blm prnh sm skli Naik pesawat terbang. ✈️,0
"Terimakasih,, sangat membantu, semoga bisa naik pesawat..",2
"Mau nanya,  abg tau klw itu pesawat abg nya dari mana? Terus pas turun dari pesawat dan jln kaki itu arah nya kmna ya?",1
"sangatt krenn bangg coba klw lengkap dngan tutorial transit pesawat pasti lebih kreeenn👍🏽👍🏽👍🏽👍🏽👍🏽<br>sangat mmbantu dlm kesulitan org baru,,semoga sukses abg",2
"tutorialnya bgus bang cumn agak pusing klw org baru krna prosesnnya banyak bnget klw,,<br>apa lagi transit pesawat pasti bingun benaran😊😊",1
"Sy blm pernah naik pesawat enak gak sih dibandingkan naik kereta,mobil dan kapal api",1
"Terimakasih kak tutorialnya kakk, semoga penerbangan pertamaku besok dilancarkan🙏🏻🙏🏻",2
Baru jakarta bandung haaaaa,1
"saya belum pernah naik pesawat karena takut lebih ke phobia ketinggian, kira2 kalo pas mau naik di pingsanin dulu bisa gak ya, atau minum obat tidur gitu gapapa d gotong juga.",0
Kan boarding tiket itu nama pswt nya ada banyak bang seperti sriwijaya ada 3 tempat..itu sama aja bang ya?,1
"makasii kak, videonya sangat membantu sekali 👍🏻👍🏻",2
Harga tiket nya brp ngab,1
Bang kalo koper nya ilang dibagasi gimana?,0
Bang bikin versi yg di bandara soekarno hattanya dong🙏🙏,2
Tanya bang.. 1 orang dpt jatah bagasi engga bang apa cma dpt cabin gratis,1
Untuk kode booking PP itu sm ya kodenya ? JD pas plng printny dgn kode booking yg sm kan yah ?,1
"gilaaa ini bener&quot; lengkap bgt, jelas ga menye&quot; penjelasannya kerennnn 👍🏻",2
Kak mau tanya apakah boleh 1 orang Bawak koper ukuran 20 inci dan backpack juga ke cabin? Terimakasih,1
Bang mau tanya kalo usia di bawah 18 tahun dan belum punya KTP itu data yang harus di lapirkan apa bang,1
Untuk sekrang pake rapid covid ga ka,1
"Bagus penjelasanya, lengkap, saya sreg sama penjelasan nya mas.., yg lain saya nemu ga lengkap malah bikin bingung",2
"Jadi tauuuuuuuu, lanjut bang",2
"Keren banget videonya bang,,so simple tapi langsung mengerti,, penjelasannya gk bertele tele tapi point ny dapet...sangat berguna bagiku yg mau terbang pertama kali dala hidupku",2
Mksih y bang membatu sekli vidio ya  sagt bermempaat seperti saya belum pernh naik pesawat 😅😅mkasih y bang,2
"mantap abang, makasih banyakk",2
"Haha bismillah bulan 8 yah otw ke Jakarta, terimakasih atas tutorial nya deg deg kan ygy Pertama kali naik pesawat 😭",2
"Saya blm pernah naik pesawat,, tapi katanya harus matikan hp klo udh terbang ya? Tapi  yg foto atau video gtu emg boleh? Atau modein pesawat aja? Klo udh mode pesawat aman buat foto&quot; dan video bang?",0
JIJIK GUE LIAT Kuda NIL SATU NI,0
No berapa sih biar bisa mideo sayap peswat yg paling pas di citilink?belinya bisa manual pas datanhkan di Bandara,1
Kalo bawa obat2 tan.  Sama roko. Prvum.  Pelembab. Muka boleh ga,1
"Wah makasih bgt bang tutorial lengkap nya, berasa pengalaman sendiri.",2
Senin ini saya mau berangkat dari Banjarmasin menuju Jakarta....baru pertama kali ne rasa takut naik pesawat doakan ya saya semoga selamat sampai tujuan.,0
Kak kalau beli tiket online tpi gak ada nama belakang nya itu gimana ya,1
Kayak ada pesawat tempur segala itu bang..?,0
Maaf kalau di dalam pesawat apa boleh hidup kan HP/maenan HP bang..??? 🙏,1
Bang untuk ukuran koper bagasi ada standar nya ngga pesawat ATR,1
"Sangat membantu kak, karena rencana lulus kuliah mau merantau ke Kalimantan dan masih belum punya pengalaman naik pesawat jadi deg² an nya dari pas ujian skripsi udah kerasa<br>Makasih vlog edukatif nya 🙏",2
"Kak mau tanya ngrekam gt mesti ijin  gk sih? Trus emang gpp ya ngrekam dlm pesawat, takutnya ganggu sinyal pesawatnya gt?",1
Mau tanya apakah boleh klo main hp di pesawat . Maap saya gk tau apa² tentang naik pesawat 🙂🙏,1
sekarang masih ada gak bang yg langsung dr Jkt ke Bdg ?,1
Halimkuuu 💙,1
Jelass Terimakasih. Asli deg degan. Entar kalau sudah saya inn syaa Allah kembali ya kak,2
Bang pesawat nya bagus,2
"Thx ya ka.. Sngat membantu. Dr skian bnyk vlog tentang first flight, vlog ini yng paling detail dan sangat membantu. Sukses terus ka ☺",2
"Terimakasih kaka.. sangat membantu sekali videonya, detail, jelas dan mudah dipahami. aku langsung subsscribe donk",2
Sangat membantu sekali bang terimakasih atas infonya dan reviewnya semoga channel ini sangat bermanfaat bagi orang lain 🙏,2
Mudah untk di pahami🙏🏻,2
"tutorial terlengkap,good",2
Kk aku liat di youtub orang ada yang udah nyampe terus nganu kode kode  gitu,0
Kebanyakan bacot,0
Kebanyakan bacot,0
Bang mau nanya. Sya kan beli tiket di online utk 2 orng saya dan istri sya. Pertanyaan sya apakh kita bisa duduk berdampingan dgn istri di pesawat???,1
"Singkat, padat, jelas..<br>Thanks banget bang ikhwan, sehat selalu.",1
Ka ikwan... Nanya dong <br><br>Tas bawaan sama bagasi beda ya? <br>Terus kalau transit gimana ka? <br><br>Terima kasih <br>Saya belum pernah soalnya mau naik jadi belajar sekarang hhe,1
Tutorial ke toilet pesawat dong kak,1
Masih bingung kak. Untuk alat elektronik seperti HP apakah harus dimatikan atau cukup menggunakan mode penerbangan?,0
Ko aku deg2an ya 😂 berasa sedih lagi belum juga naik,0
Trims tutorialnya pak Bos,2
Kak mau tanyaaa<br>1. Waktu security cek yang pertama itu koper di timbang nggak?<br>2. Kalo misal udah check in online lalu koper ternyata 8kg (gratis bagasi kan ya kak? Maks20) dan itu harus checkin konter lagi?,1
Delay 3 jam wkwkwk naik singa udara 😂,0
Seru banget jadi rindu kehidupan normal tanpa menggunakan masker :(,2
"<a href=""https://www.youtube.com/watch?v=9j4Td1SfI7U&amp;t=10m43s"">10:43</a> Pramugarinya cantik bang",2
di menit 14.46 ada Sukhoi Su-30 MK2 Flanker TNI AU lagi parkir,1
Bang serius nnya itu wktu ngerekam di dlm pesawat pke HP pa handycam soalx HP Aq matiin klo dah di dalam pesawat jd g bs buat video 😀,1
Kak penitipan koper di bagasi itu dibagian check in pas akan dapat boarding pass juga ya? Trus nnti pasti ditanya petugas ga buat dititipkan dan ditimbang dlu?,1
Lengkap banget penjelasannya . Makasih y kk,1
"Deg2an karena mau ke bali, pertama kali naik pesawat... Hehhe.. makasih tutorialnya bang..",2
"udah lama nggak berpergian, jadi pengen naik pesawat dan berpergian lagi",2
Lah ada dani,1
p,1
"ka anak umur 4 thn bayar ga ya ,niat mau jemput anak naek pesawat nih tadinya",1
Pertama naik pesawat huh rasanya ndak karuan takut campur aduk....dari jogja papua transit di makasar  9 jm yang saya lakukan berdoa dan berdoa maklum WONG NDESO takut ketinggian🤭,0
Terimaksih atas² info nya,2
Mau nanya lagi nie bang pesawat buat bulan Maret tanggal 18 2022 ada gk bang buat ke palangkaraya jurusan nya ada gk bang,1
Bang mau nanya.. Ktp nya di cek SEKEN apa cuman di ambil nik nya aja soal nya ktp ASLI SAYA PATAH jdi 2 cuman saya sdh sambung lagi bisa gk bang buat naik pesawat.. Ke kalimantan palangkaraya dri jakarta palangka KTP NYA di apain di seken apa di ambil Nik ajaajagmna bng penjelasan nya bisa,1
"Bg, untuk barang di Kabin boleh ga dua tas? Total beratnya ga sampe 7 kilo.",1
Bang kalo dapet makanan dari pesawat gak bpleh bawa pulanh ya?? <br>Dan berapa jam jakarta banding,1
"Kalau beli tiket bayar per orang yaa, hehe maaf norak 2022 :)",1
eh telat 2 th ty infonya kak,0
klo ada transit gimana bang chekin ulangnya,1
Ka boleh bawa HP ke dalem trs ngerekam ya kak,1
Tutorial terlengkap,2
Alhamdulillah.,2
"Big Thanks for you banggg 💙<br>Dri semua penjelasan prosedur naik pesawat, lu doang yg paling clear and detail 😌",2
ini baru detail,2
Bang cara tau itu koper kt bagaimana ? Apa.dkkasi kode apa gimn,1
"Makasi bg tutorial yang jelas👍🏻👍🏻👍🏻 sekali dr sekian byk org yg bwt<br>Auto subs, sukses terus bg",2
Thanks bang tutor nya.. first time taun depan saya dan kelompok ke Denmark menghadiri undangan Roskilde Festival,2
Kakaaa Makasi yaaa huhu detail bgt ini🖤,2
Kek kenal pramugari nya kayak yg di vidio sebekah deh,2
Cara naik kapal laut gmn bang,1
Klo yg masih 16 thn blm pnya ktp bisa ga?,1
"Mksih bg,saya blom pernah naik pesawat,sngat membantu saya klo Allah SWT menyizinkan saya nanti pesawat..",2
Terima kasih sangat membantu 🙏,2
Akhirnya nemu tutorial yg dicari. SGT lengkap n jelas. HR ini pertama akan naik pesawat. SMG selamat SM plg kembali aamiin 🙌 trimakasih byk mas 🙏,2
KAK  sekarang  korona   bisa  nggak  anak kecil  Naik  pesawat  ??,1
"Kak, kalau misalkan kita bawa 2 koper apakah akan kena biaya lagi ?? Kalau misalkan koper di bawa ke kabin apa di bagasi ?",1
Makasi huhu detail bgt,2
Tutorial yg 👍,2
Tutor transit dong,2
"Mantap tutor nya,",2
Kak kalo naik pesawat buat orang pertama kali tuh bakal ngerasain pusing gak sih? Atau sampe mual gtu yang orgnya gampang mabuk perjalanan. Terima kasih 🙏,0
ada yang tau IG Pramugari yang di Thumbnail?,2
Bang gue nonton terus video abang tapi tujuan Ambon ko ga ada kalau ke ambon kabarin yah biar aku bisa jemput 🙏👍,1
"Salam dari anak kampung 😉<br>Mau nanya bang, selama perjalanan apakah didalam pesawat diperbolehkan mengaktifkan smart phone bang?<br><a href=""http://www.youtube.com/results?search_query=%23maap"">#maap</a> belum pernah naik pesawat nih, cuma bisa liat di Ytb 🤭",1
Bg boleh tidak bawa roti dan makan ke dlm pesawat citilink ?,1
Nitip kopernya gimana kalo dibagasi,1
Kak kalo misalnya kita transit itu kita ambil bagsi sendiri atau petugasnya yg memindahkan lagi barang nya kk?,1
awal naik pesawat tujuan jkt palembang 17 Januari 2014 waktu itu deg degn campur aduk dll,0
Mantap makasih,2
"bang,mau tanya penerbangan dari bandara radin intan 2 ke bandara kalimarau kalimantan ada bang? <br>mungkin abang pernah kesana.",1
Tutorial ini masih berlaku untuk sekarang ga ya?,1
saya parno dan takut naik pesawat...tp insyaallah pasti bisa mengatasi rasa takut,0
Kak tutor nek pesawat pas pandemi boleh gak? Rencananya tahun dpn aku mau ajak kluarga kluar kota. Terima kasih,1
"Mau tanya , apa kah bisa koper ukuran 18inc dibawa masuk taro cabin?",1
Cara rekues  dari labuan bajo ke Batam bang plis,1
"sslam sehat bang trmksih tutorial naik pesawatnya sgt bermanfaat bagi pemula,semgat n sukses terus bang..",2
Kak ada video yg pesen dari traveloka gaa?,1
bang boarding itu apa ya ?,1
josinael juga belum,0
edwin<br>apli kubtex hoel,0
"Kak, maaf belum pernah naik pesawat. Ini ngerekamnya pakai apa? Sy pikir dipesawat itu tidak boleh menyalakan alat elektronik sama sekali. 😅",0
Dari jakarta ke Kalimantan harus pake paspor ga ka?,1
Klo blm punya KTP gimana?,1
bang ATR72-600 dilihat dari mana ?,1
Thanks informasinya abang🙏,2
"Karna insya allah 2 bulan lagi gua mao ke makasar naik pesawat pertama kali, ini vidio gua simak betul&quot; .<br>Trimakasih atas info lengkap dan jelas nya bang",2
Barang atau tas yg kita bawah ke dalam kabin pesawat di hitung dari berat bagasi ya mas,1
Lengkap bgt 👍,2
"maaf ka sebelumnnya , semua pesawat ga perlu makai paspor ya ka? soalnya aku mau naik tpi blm punya paspor , tolong jawabannya ka 🙏🏼",1
"Makasih bang tutorialnya, besok mau terbang ke Bali soalnya hehe",2
Akhir bulan ini mau terbang tapi gak tau cara nya 😁😁😣,0
Langsung aku subscribe bang🤗sukses terus🤗,2
"<a href=""https://www.youtube.com/watch?v=9j4Td1SfI7U&amp;t=14m45s"">14:45</a> sumpah gw gak salah liat??? Ada jet tempur sukhoi ?👀 pengen banget liat langsung jet tempur🥺",1
Takut banget 😭😭 kak mau nanya kalo naik pesawat emang pasti ada turbulensi?😭gimana rasanya?😥😥,0
Bang coba naik pesawat lion atr,0
Bang coba naik pesawat lion,0
Kak untuk ambil bagasi info ny itu dimana ya kyk hrus ambil dinomer brp2ny itu gmn ada board pengungumannya ga,1
Di dalam pesawat boleh ngerekam pake hp g ?,1
"Sangat menginspirasi, terimakasih banyak bang",2
"enak penyampaiannya, ga jelimettt santai tp serius<br><br><br>ga salah deh kasih ini tutorial ke adik gw yg masih kecil karna gw males ngasih tau ke dia😂😂🤣<br><br>thaks bang 😊",2
"Ka mau tanya dong untuk surat hasil rapid , kalo tni polri harus test pcr apa gmna ?",1
Gue pertama kali naik pesawat ribet sendiri 😂🤦,0
Dari bandara soekarno hatta ke bandung naik terminal yg no brp kak? Saya pertama kali naik pesawat dan pergi sendiri soalnya🙏,1
"Kesan pertama naik pesawat tegang, gugup takut 😂 tp juga senang akhirnya merasakan naik pesawat😅",0
Samgat masnya sukses terus,2
Persiapan naik kapal terbang🤣🤣,1
Keren jelas sekalee hahaha,2
"Saya dulu pertama kali ke jawa kaget banyak bgt tmn² saya yang belum pernah naik pesawat dari kecil, mereka heran² kepada saya karna sering naik pesawat dari papua",1
"Wahh berguna bgt ini, aku Jumat ini pertama kali mau naik pesawat ,makasih mas infonya jadi ga malu maluin nanti pas di bandara wkwk",2
Makan Kentang ama Kepiting<br>Slamat datang di Citilink.<br>Bravo SuperGreen 😎,2
Saya naik pesawat udah dr kecil... Pesawat odong&quot;,0
Gua pertama naik pesawat ikut orang tua sepupu yg udh tua Allhamdulillah lancr d arahin😀😀tapi gua kesini binggung nanti mau pulng sendiri naik pesawat😀😀,0
Trimakasih bg sangat bermanfaat👍,2
Sangat membantu dan bermanfaat sekali yg pada belum pernah naik pesawat🙏,2
Kak kalo masih pelajar dan belum punya KTP pakek kartu pelajar atau apa?,1
Tuk anak usia 2thun d9kuman ap yg d perlukan tuk check in d bandara,1
deg2an 😭😭,0
Sby tarakan berapa ya tiketnya,1
Thanks mas mantap.. Salam kenal ya 👍🙏,2
Gua naik pesawat udah 2 kali bang tapi pesawat lion air dari surabaya ke pontianak bg,0
Selamat hari raya idul gitri yah guyss,2
Kontek paling mudah di mengerti auto subs,2
"Terimakasih ya kak atas videonya, sepertinya cuma vlog kakak yang bener2 menjelaskan secara detail, terimakasih",2
"<a href=""https://www.youtube.com/watch?v=9j4Td1SfI7U&amp;t=13m08s"">13:08</a> POV thumbnail",1
Kk emang harus pakai ktp ya,0
Asepso,0
"Mas kalo misalnya penerbangan kita ada transitnya, itu haruskah melapor ke petugas? Saya baca diinternet katanya harus melapor kepetugasnya sedangkan saya bingung petugas bagian yang mananya",1
"Bang tutorial naik pesawat ke luar negeri dong, dari pergi, transit dan sampai negara tujuan🙏🏻 saya nanya seperti ini karna saya yakin kalo bang ikhwan selalu ngejelasin yang detail jadi itu membuat saya mudah mengerti🙏🏻",2
Citilink ada bagasi gratisnya kak?,2
Semoga saya dapat aminn,1
Bang klo dia atas pesawat dingin gak bang,2
Ada yg kurang lengkap yaitu swab test atau antigen...,0
Akhirnya dapat jg vidio tutorial naik pesawat ter ter ter terlengkap dan sangat sangat sangat mudah dipahami😭,2
Pengen dah,2
"<a href=""https://www.youtube.com/watch?v=9j4Td1SfI7U&amp;t=14m47s"">14:47</a> kok ada MiG-29 fulcrum ya 😅 hahaha",1
Doain kk semoga bisa kemekah bareng ortu,1
Padahal cuma nonton doang ya tp berasa beneran ikut naik peswat,2
"2020 desember pertama x naik pesawat dri bndra soeta ke ngurahrai (bali) naik Batik Air<br>Pas wktu pandemi lg, perasaan saya kok sesulit itu y mau naik psawat jg bnyk bgtt pmeriksaan nya hrus ksana sini (kta ny klo gk pandemi gampang)mungkin lg pndemi aj jdi ribet.<br>Pas pesawat mau naik🤣🤣(pke bhsa yg saya tau wktu itu) jantung tuh berasa mau copot,pegangan sekenceng² nya,air mata pun keluar sendiri trus mnerus (entah takut atau apa lah gaje pokoknya) tpi pas mau landing alias turun 🤭 gk kerasa apa² sihh gk kyk mau take off uwuwww pokok nya 🤭 mnurutku klo buat yg blm prnh naik pesawat tuh rasanya sama dgn kita pertma x naik liftt",0
"Nonton ini dulu, pas banget besok mau flight pake citylink ke banjar sendirian😂<br>Bingung belom pernahw wkwkwk",0
"Tuh pramugari dimenit <a href=""https://www.youtube.com/watch?v=9j4Td1SfI7U&amp;t=10m43s"">10:43</a> tuh cantik juga Njirr 😂 😂.jadi suka 😂<br><br>Mumpung nih apa nama IG dia yah ? 😂🤣",2
"Akhir Bulan ini,manado-balikpapan adalah penerbangan pertama saya,jujur takut bgt.<br>Kalo ka ikhwan baca ini,kasih advise dong biar rasa takut saya mungkin sdkit berkurang hehe😊",0
Komentar19rb,1
Thankyouu bang❤️ informatif sekali,2
Apa cuman aku yang cita&quot; nya Pramugari tapi takut untuk naik?,0
Bawa rokok boleh gk bg,1
Citacita jadi pramugari tapi takut ketinggian,0
Tapi ttp pake paspor gak?,1
Ga bisa kubayangkan Bisa tersesat Akau d bandara ga pernah naik pesawat 😂😂,0
Belum kesampaian naik pesawat,1
Komentar19rbwbnsnw,1
"Bismillah, saya juga akan berangkat ke Jayapura naik pesawat cilink juga, doain ya kak🙏  btw kak aku mau bertanya, emang boleh ya di pesawat menggunakan hp hehe",2
Komentar19rb,1
Kalau pembayaran melalui mini market bisa gak,1
Kak mau nanyak klok di pesawat boleh bawa makanan ringan ga?,1
Min hp kpn bisa d pakai????,1
Bang reuqest kursi dekat jendela pas ceck in bisa ga terus bayar ga,1
Komrntar19rb,1
Terima kasih oom infonya sangat terstruktur dan jelas....hadir oom ku...,2
Ka tutorial naik pesawat klo ada transit nya yg penerbangan internasional 👌🏻,2
Nama mbaknya siapa bang Ikhwan?,1
kalo gk punya ktp gmn,1
Waktu gua umur 10 bulan udah naik pesawat :v,1
Aku pernah naik pesawat tapi pesawatnya ya... Sederhana saja jadi kalau naik pesawat yang kaya lion air dan kaya Wings air.,0
"Bang,kalau belum ada ktp gimana ya bang...? hehehe",1
nah ini baru penjelasan yg detail. cari cari vlog org pada gak jelas”,2
"wihh gampang ternyata,,tinggal nabung wkwk",2
Deg degan bgt belum pernah naik pesawat sekalinya naik sendirian. Uji nyali sih ini fix,0
Terima kasih Kak ikhwan hidayat vlog nya sangat berguna dan sangat bermanfaat buat saya dan semua orang yang belum pernah naik pesawat.,2
Lumayan naik pesawat ✈️ online sama Abang ni😂,2
Seumur hidup belum tau naik pesawat 😀,1
deg degan,0
"Wah Bagus ni... bang buat juga tutorial pertama kali ke luar negeri... cek in, imigrasi dll...",2
apa cuma gw yang takut mau naik pesawat,0
"pengalaman pertama naik pesawat, pas take off gue pegangin tangan temen gue kenceng banget tapi pas udah diatas seru. jadi ketagihan terbang nih, next coba terbang sendiri",2
Bagus banget.. 😊😁,2
kalo aku dari dulu keliling eropa,1
"Terima kasih banyak atas infonya kak. Sudah banyak nonton cara naik pesawat di yutchup tapi baru kali ini nemu yang paling lengkap, lengkap banget, sampai keterangan ticket/check-in/boarding/cari gate/cari pesawat/kursi penumpang juga ditunjukin dan dijelasin dengan detail. Walaupun saya belum berencana/belum pernah naik pesawat, tapi pan kepo caranya, dan cuma punya kakak yang paling lengkap banget. <br><br>Kalau bisa request yang mode penerbangan transit juga dong, kak. Tapi ya setelah korona musnah aja kali ya. Soalnya mahal pan biaya swab2nya. Hehehe.",2
First time naik pesawat itu bkin deg2 an.. smpai skrg juga klu naik pswat suka gaduh sndiri serasa jantung mau copot klu pas take off🤦‍♀️,0
Cara izin bikin vlognya gimana?,1
Makasih bang tutorialnya.. 👍👍<br>Tapi klo sdg pandemi gini aku malah bingung pake acara swab segala 😭,2
Gw sebulan bolak balik jakarta medan naik biasa aja loh,1
"Jadi kalo barang ktA dibagasi <br>Kita meninggal pesawat bentar,terus balik lagi bg...<br> Atau kayak mna cara pengambilan ya,<br>Hahaha belum pernah naik pesawat",1
"Pengalaman saya sebenarnya agak mengerikan saat naik pesawat pertama kali....waktu itu saya naik pesawat dari Singapura menuju Jakarta dengan maskapai Garuda Indonesia ya...awal² memang pesawat masih baik kondisi nya.....sekitar pukul 14.15 pesawat mulai take off dari bandara Changi Singapura, sampai setengah perjalanan belum ada masalah apa pun, sampai pukul  14.30 setelah lepas landas pesawat pun mulai mati mesin dan suasana mulai mencekam lampu mati di dalam pesawat , penumpang panik termasuk saya sendiri dan di situ saya mencoba untuk tenang tidak panik dan akhirnya kita pun nggk bisa sampai ke Jakarta di putuskan sama captain nya untuk berbalik arah ke bandara Changi dan di situ saya mulai merasakan trauma yang sangat hebat🥺🥺🥺🥺jika di tanya knapa mesin bisa mati saat itu pesawat mengeluarkan asap dari mesin sebelah kiri setelah sebelah kiri mati di susul juga dengan mesin sebelah kanan dan akhirnya mati semua kedua mesin kita ke bandara Changi dengan posisi mesin mati atau mengglider tanpa mesin jujur sampai sekarang saya masih takut naik pesawat gara gara kejadian itu 🙂🙂🥺🥺🥺🥺🥺",0
"Belom pernah naik pesawat, pengennya pertama kali ppake pesawat pas umroh atau bisa naik haji..😇",1
Makasih Kakak untuk videonya,2
"Saking takutnya ketinggian,cuma liat video ini aja berasa takutnya",0
Terima kasih brother untuk tutorialnya 😇👍👍 sangat bermanfaat ✈️✨ tapi aku minta tolong kalau ada kesempatan bikinin tutorial naik pesawat untuk disabilitas tuna netra dong soalnya aku gak bisa kalan sendirian ke bandara dan cek in sana sini....😁😁🙏🏻🙏🏻🙏🏻🙏🏻🙏🏻,2
Dulu pas naik pesawat takut mau videoin. . . Boleh ngak si sebenarnya buka hp buat videoin?,1
Makasih bg,2
"sumpahhhh bener&quot; lengkapp❤️ auto subscriba bang. cuma saya berangkat besok pagi ,dan keadaan covid jadi ketambahan surat rapid hihih",2
Bang kalo mau naik pesawat ngajak aku aja dikota Semarang ahahahhaha wkwkwkwkwk aku belum pernah naik pesawat dari dulu pengen banget kereta aja belum pernah wkwkkwk doa&quot;in ya banggg biar aku cepet bisa naik pesawat 🙈,1
AKU BLM PERNAH NAIKK PESAWAT DAN TIDAK AKAN PERNAH MAU NAIK PESAWAT,0
Cari pesawat kita pas dilandasan gmn caranya? Tadi di boarding pass gaada nomornya soalnya? Maaf gatau😂,1
"<a href=""https://www.youtube.com/watch?v=9j4Td1SfI7U&amp;t=18m20s"">18:20</a> Stadion sijalak harupat",1
Apakah cuman saya yang belum beli pesawat?😢,1
ini posisi wajahnya terlalu dekat sama kamera ga sih? apa cuma gw aja yg ngerasa?,1
"vlog yang sangat membantu sekali bang, untuk orang yang belum pernah naik pesawat bahkan untuk saya yang tidak pernah masuk bandara sampai sekarang ini benar2 sangat membantu dan setidak nya memberi sedikit gambaran tentang semua tatacara nya transportasi menggunakan pesawat, karna siapa tahu suatu saat saya harus pergi menggunakan pesawat video ini lah yang pertama kali saya rewatch hehe<br><br>terima kasih bang tetap berkarya !!",2
"jelas banget jujur, makasih kak",2
"Yaalloh inget bandara Hussein jadi inget masa PKL saya tahun2017,tiap hari liat pesawat tapi blm pernah naik,mudah mudahan suatu saat saya bisa naik aamiin",1
Hadir...  Oke,2
Bang cobain tutorial naik dari bandara bandung ke yogya/bali biar saya paham bang cara nya makasih,1
Bang cobain tutorial naik dari bandara bandung ke yogya/bali biar saya paham bang cara nya makasih,1
Bikin vlog naik pesawat dan syarat terkini,1
MANTAP KAK.... MANTAPP SEMOGA SUKSES YA KAKKKKK.. AKU AJDI TAHU DEH CARANYA BELI TIKET PESAWAT WLWKWKWKWKKW,2
Pramugarinya cantik.. IG nya dunk..,2
bang kalo nitip barang di bagasi itu kena biaya tambahan kah? bang bagasi itu yang tempat untuk simpan koper diatas tempat duduk itukah? saya masih bingung hehe,1
Penasaran pengen naik tapi takut jatuh g bisa bangun lagi. 😩,0
"Permisi saya mau tanya judul music awal dri 0 - menit 1 apa judul music nya, dan nge vloger pkai kamera apaan mass??",1
"Saya simpen videony ahh.. biar ga malu&quot;in pas d Bandara.. <br>Siapa tau brangkat sndiri,, biar ga bingung..",1
Mau naik pesawat lagi tapi bingung mau kemana😂,0
Judul lagu nya apa bro?,1
"Nonton sambil menghayal dulu, sapa tau nanti bisa traveling2 wkwkwk<br>Vlognya kereenn pokoknya",2
"mau nanya lagi,untuk bagasi apa ad nomor2 ny atau satu tempat pengambilan saja",1
kalau A itu urutan kursi ny dekat jendela ?atau gk,1
Selain KTP apa ajah?,1
Pengalaman saya saat itu mau buang air besar dan mau ke toilet takut,0
Itu pesawat kecil makanya pintunya si nelakan aja,0
Kopernya di taruh dimana kak??,1
Lengkap bgtt . Keren,2
Kak boneka bisa dibawa gak ke kabin?? Ukuran 100cm,1
Akhirnya ktemu chanel yg leengkap.  Minimal laah gak katrok banget naaik psawat gue😝.,2
"Ka Surat Rapid test,kalau di maskapai berlaku ny brpa hari.",1
Mks bang bisa buat pelajaran,2
Naik pesawat pertama kali ke taipei...waduhhh deg deg an pas waktu itu😆😆😆,0
"kang,tolong buat tutorial naik angkot,naik lif,naik kereta api,naik kuda,naik kerbau,",1
"<a href=""https://www.youtube.com/watch?v=9j4Td1SfI7U&amp;t=8m30s"">8:30</a> Kak kalau request tempat duduk gitu ps di konter checkin apakah ga di tambah biaya lagi? yang tahu boleh bantu jawab ya hehe",1
Saya udh berkali2 naik pesawat ttp aja takut keringet dingin dan gk bisa tdr,0
"Sebenarnya kalo mau simple bisa pakai bantuan asisten pribadi, cuman gak semua bandara (saya hanya pakai di CGK atau Soekarno Hatta waktu perdana ke luar negri) tapi ya gitulah, mahal 😭, tapi simple<br><br><br>Paling penting adalah jangan panik, tetap tenang di pesawat dalam situasi apapun, pilot tau segalanya, jadi kalo terjadi sesuatu ikut kata awak kabin, dan jangan tegang, relax nikmati penerbangannya, rugi kalo bayar mahal malah tegang 😀, relax aja dan selalu berdoa 😀<br><br><br>Pengalaman berkesan aku yang perdana ke luar negeri itu, jadi kaya orang bego 😂, untung pake kelas bisnis jadi bisa fast track semua, ya gitu deh kalau saya keluar Asia harus pake kelas bisnis, bukan apa apa, aku bakal pusing 7 keliling kalo gak pake fasilitas fast track, tapi kayanya gak semua maskapai punya fast track deh, itu juga baru kali pertama aku keluar Asia<br><br><br>Semangat bang Ikhwan",0
Bang itu kursi nya milih apa dipilihin,1
kak saat terbang kita boleh mendengarkan musik dieraphone gak?,1
Mas mau tanya itu snaknya dikasi apa beli,2
Terima kasih saya menonton ini di 2021 dan baru kali pertama mau merantau:),1
Yang paling takut pas naik pesawat ituhh<br><br><br><br><br><br><br><br><br><br><br><br><br><br><br><br>Pengen Pipis🤣,0
Nggak sabar banget rasanya pengen pulang kampung. Naik pesawat terbang. <br><br><br><br><br><br><br><br><br><br><br><br><br><br><br><br><br><br><br>Wassalam 😂,2
"Dulu mamakuh  alumni PT.dirgantara indonesia di bandung,sekarang dah pindah ke PT.DI tasikmalaya😅",1
Keren info nya sukses terus buat channel nya,2
Bang tq banget ya udh share video ini..meski gw belom pernah naik pesawat lu ngebantu banget banyak orang di sini.🙏👍,2
"<a href=""https://www.youtube.com/watch?v=9j4Td1SfI7U&amp;t=22m36s"">22:36</a> ada syahrini :((((((((",1
Mksih ya Kak.<br>Sdh aku subscribe,2
Aku pernah sitiling sm lion,2
"<a href=""https://www.youtube.com/watch?v=9j4Td1SfI7U&amp;t=10m44s"">10:44</a> mbak nya manis cantik 😄😁",2
bang kok mirip moldy sobathape,2
"Makasih vidionya kaa, udh 8 thn yg lalu naik peswat jdi lupaa akutuu😂",2
Aku udh pernah naik pesawat nama nya pesawat airasia tujuan nya Jakarta lampung,2
Pesawat Citilink yang kecil nya yaa,0
"<a href=""https://www.youtube.com/watch?v=9j4Td1SfI7U&amp;t=10m43s"">10:43</a> senyum nya:)",2
LOBANG IDUNG LU GEDE AMAT WKWKWK,0
Pesawatnya kecil banget,0
Makasiiiii,2
Bang mau nanya klo ktp nya ilang apakah tanda pengenalnya bisa di ganti sama yg lain contohnya sim atau Semacamnya🙏🙏🙏,1
Pengen naik pesawat tapi takut terbang :(,0
In gw mau ad Study tour buat keluar kota tugas kuliah:) dan baru pertama kali mau naik pesawat... Apalagi ada Berita Sj180:) mau ikut tapi kyak otak itu nolak:) heheh,1
Bandung pasti pas lending ada kuburan ya bang,1
Oh gk besar kecil termasuk pesawat nya ni soal dri tangga aja gak ada lngsung dri gate lngsung jln ke lapangan pesawar,0
Oh lu ini jlan2 ya travelling idh sumatra smua ya jawa main ke mekkah jeddah hehe gua jg hobi sih naik pesawat tpi pas gua liat covid ya udh gk ukt sementara terbang,1
Abang trimakasih. Aku senang dan menikmati wkwkwkwkw<br> Sehat sehat abanggg,2
Wkkwkwk gue ajah gc pernah naik pesawat apalagi kapal laut wkwkwk MAKLUM NDESO,1
Kok bentar ka penerbangan nya....baru aja makan udah landing...,1
Jadi kalo beli online ngk perlu di cetak bang? Soalnya pertama nih😰 dan sendiri.,1
Itu Abang pake paspor ga bang,1
Bang naik pesawat itu rasanya gimana ya??,1
"Saung pesawatnya kaya kurang bagus gitu d lihatnya,",0
"entar di arahin gak,peswt yg mana akan di naiki.klau kk kn yg peswt di ujung",1
ka nimbang barang atau koper itu kapan,1
Kalo ngedit videonya pakai apa bang?,1
Salkomsel gan,1
Tutorial bikin pesawat kapan-kapan bikin content nya ya gan!,1
Kalau bawa pelajar terbang tapi gak punya kartu pelajar gimna kak?,1
"Pengalaman gue naik pesawat dari pesawat mulai terbang sampai tiba ke tujuan, Gue tidur Mulu GK berani buka mata takut mabuk😆😆",0
Bawa rokok boleh gk? Saya perokok mskipun bukan perokok berat.<br>Takutnya harga rokok di Inggris mahal...hhhhh,1
Permisi kak mau nanya. Kalo mau bandara harus make mobil yaa kak gabisakah naik motor gitu. Hehe? Maksih kak klo berkenan menjawab,1
"Bener2 ngebantu banget sih ini bang, semoga suatu saat bisa naik pesawat.",2
"Tutorial jelas, baik dan TULUS<br>Semoga bermanfaat .terimakasih",2
Apa cuma gue yg suka nonton tentang pesawat tapi blm pernah naik pesawat,2
"MANTAP BANG! Ini alon banget lengkap, santai detail pokoknya mantap dah. Saya yg mau Ada jadwal penerbangan jadi dapat gambaran lah! Ya walopun skrg katanya Pas COVID19 jadi ada praktek tambahan di bandaranya plus Ada aturan2 tertentu lagi.",2
Aku nonton video ini karena besok mau pulang dann pertama kali naik pesawat,2
Emg gak di larang bang masuk ke dalam pesawat sampe bawa cameranya 🙏🙏🙏,1
Saat ini saya menonton video ini karena baru pertama kali naik pesawat 😦 makasi ngab,2
"gua belum pernah naik yang baling2, kayak nya memang sensasi suara turbo jet itu yang paling seru kalau gua naik pesawat 😅",2
Mantap mas ikhwan....jd ingat 10thun yg silam pengalaman dr jkt ke branti lampung,2
"Pertama kali naik pesawat semdirian pula, kayak orang hilang cuyy 😅😅",0
"ASLI SENENG BGT NEMU VIDEO INI.  Makasih ya bang, ini membantu bgt karna jelas dan ramah bgt jelasinnya. <br>Sy mau nanya bang, kalo di Soetta nnti ngambil bagasinya gmn ya? Apa yg perlu diperhatikan? Ada papan rute nya kah spy tau ngantri dimana?<br><br>Dan kalo sepanjang naik pesawat sy mau main hp kaya nnton video dan lagu yg udh didownload gt boleh kan ga asalkan hp sy diubah ke mode pesawat? <br><br>Smg dibantu jawab. Trimakasihh",2
Thanks bro ;),2
saya pertama kali naik pesawat saat saya ingin ke singapura menaiki lion air,0
Mas untuk prsyaratan remaja yg belum punya ktp apa aja ya mas .dan baru pertamakali  juga 🙏,1
Kok off kak??? Aku rindu kakak vlog lagi,1
"Aku belum pernah naik pesawat,🙏",1
Wow saya naik di Citilink juga di Bali,2
Seumur2 gw belum pernah naik pesawat. Enakan mana sma naik kereta??? 😂☺️,0
KALO BAWA DRONE ATAU VAPE TARUH NYA DI KABIN ATU BAGASI?,1
"Kak, notebook gimana ya? Masuk bagasi apa kabin?",1
Minta wa pramugari nya bg.,1
Tutorial naik kereta dong bang,1
"Salfok ama kualitas kameranya, pas jalan kaki stabil bgt.. klw boleh tau pake kamera apa bang ikhwan ? 😁",1
Catokan rambut gk bisa dimasukin ke dalam tas ya?,1
Gimana aturan pemakaian hp dalam peswat ka?,1
KALAU NGGAK PUNYA KTP KAYAK MANA?,1
Jd kangen naik pesawat lggii😭😭😓😓😓😓😓,1
Mantap 👍👍👍💔,2
Kk mau nanya ni...klo transit itu nnti yg di tunjukan boarding pass nya atau tiketnya kk?? Mhon dijawab kk,0
"bang kalo beli tiket online bagusnya pas hari h, h- berapa? terimaksih",0
Itu pas mendarat nya ngeri gak?,0
"<a href=""https://www.youtube.com/watch?v=9j4Td1SfI7U&amp;t=18m37s"">18:37</a> Ada Helikopter Tuh😂",1
Gw udah sering kenapa Masi aja nonton sampe akhir:(,1
Kalo pswt jkt ke manado apa dalam kabin boleh bawa koper roda ukuran 20&quot; mas?,1
Ini bener&quot; mantap ....vlog dari awal sampek selesai....mantap bos kuu,2
Zuuhhh,1
Terimakasih kang.  Sangat bermanfaat.  Penjelasan jelas dan enak di dengarkan. Sukses selalu. Dan semoga sehat selalu,2
Aku pengen banget. Naik pesawat,2
Trs koper di begasi ya.   Mhn jwb smua mas wkwkwk,1
Mas tas nya itu bisa taro dstu?  Ga di atas kepala kita apa tu ya namanya...,1
Halim ye,1
sumpah bang aku takut ketinggian banget. Liat pas take off aja udah deg2an. Padahal cuma liat di youtube Ya Allah. Tapi makasih tutorialnya,0
Kak sendirian,1
Mksh tutorialnya... Mudah2an suatu saat bs naik pesawat...,2
"Ga pedulilah ini video lama, gw mau cerita pengalaman waktu gw pertama kali naik pesawat, itu naik Sriwijaya kalau gak salah, aku suka banget berdiri dan gak make sabuk pengaman waktu pertama kali naik pesawat, gw pikir gak ada toilet ternyata ada, tapi... Gw norak banget waktu naik pesawat, tapi satu hal yang gw gak mau lakukan di pesawat, B.A.B",0
"Kak, kalo anak yang blom punya ktp terus pergi sendiri naik pesawatnya, itu gimana ya?",1
Bang......plisss naik pesawat malaysia airlines dongggg.....,0
"Bang katanya tdk blh aktf hp dlm pswat, lahh abang video dari dlm pswat, emg blh ea bang aktf kn hp dlm pswat wktu d atas",0
"Biar ud 4 x naik pesawat,tetep msh keder jg😁",0
"perdana naik pesawat pakai lion air. itupun tiket d belikan perusahaan. dapat penerbangan pagi, niat dari rumah pengen foto2 bareng keluarga dlu d bandara, karna waktunya d isukan udah mepet d buru2 sama temen buat cepet2 masuk. sekalinya udah d dalam waktu masih lama. rasanya esmosi sama temen dan keluarganya pas udh sampe jakarta",0
Pakai identitas SIM bisa nggak bang..,1
Kak didalem pesawat pegang hp ngga papa ya? Saya minggi rencana mau naik pesawatt dan ini baru pertama aku naik pesawat jd cari cari tauu tatacara naik pesawat hehe,0
Pertama kali gw naik pesawat masih bocil kelas 3 SD bang wkwk waktu itu make Air asia A320 Medan - Kuala Lumpur...ya cuman bisa ngekorin emak aja gatau kek mana chek in...untung jugak bandara nya gak besar amat karna masih di Polonia belum pindah ke Kualanamu...pas nyampe ruang tunggu astaga rame bener karna cuman 1 ruang tunggu ny padahal itu flight pagi jam 5... pas mau take off deg deg serser juga karna seat gw samping window bisa liat kebawah...tapi gw suka si fligt pagi  nya bisa liat sunrise...waktu jaman itu gw gak inget dapet free snack apa engga wkwkw tapi gw sempet beli pulpy orange sampe bingung haga di pesawat lebih mahal dari toko deket rumah gw...untung jugak flight nya gak ada transit segala jadi cepet nyampe...jadi pengen terbang lagi tapi kapan ya wkwkw,0
"ka thank u yah udah buat content yang manfaat, semoga content nya berkah trus kakak juga selalu sehat biar bisa terus bermanfaat buat orang banyak aamiinnn ...",2
Sangat bermanfaat.. Sukses selalu mas,2
"Gini ni bru lengkap, gk kyk channel2 laen",2
Pertama kali naik pelita air . Fokker 100,0
makasih kak buat tutorialnya secara blm pernah ngalamin 😆😆,2
Nonton ini karna minggu depan first time mau ke lombok huhu,2
Terimakasih kak...saya serasa naik pesawat beneran sumpah  wkwkwk... serasa duduk tepat di kursi kaka wkwk liat pesawat lain liat majalah2 dll hehe,2
Makasih bg mntap👏👍🙏,2
Terimakasihh bang<br>Tutorialnya lengkap kaliii,2
Bawa mainan boleh,1
amin moga gwe taun depan bsa nerbangin ni pesawat aminn amin dahh ....,1
"Jadi rindu the first experience naik pesawat, waktu itu dapat pembinaan osn provinsi, dari pak kabid..<br>Kualanamu international airport(Medan) to Husein Sastranegara international airport (Bandung).<br>Huu jadi rindu...<br>Jadi mewek kan tu .....😖",2
Mantap bangett.. 😍,2
Luar biasa tutorialnya👍 sukses selalu.,2
pengalaman naik pesawat wktu itu k Samarinda....hati hilang..tpi pengen bgtu&#39;&#39; mulu.......seruuu low naik pesawat,2
"Kak klw ransel,,,berat ya di batasi kak..",0
Lengkap banget 😊,2
Mas di dlm peswat blh main hp ??? Atau kita menggunkan mode peswat,0
Wih kalau begini aku harus naik pesawat,2
Tutorial naik pesawat ke luar negeri dong bang,1
Bang kalau KTP belum jadi diganti pake kartu pelajar apa bisa bang?,1
Assalamualaikum bang ikhawan..mau tanya donk.<br>Kalo kita check in mau request duduk di window kena biaya brp duit ya bang,1
Mantap kak.  Sukses selalu,2
Kak saya bingung kmarin liat di tutorial satunya dianya kok mesin check in mandiri dulu dan dicetak sendiri tiketnya? Tapi kalo kakak tadi tak lihat pertama kali tiba di terminal kakak langsung menuju pengecekan barang bagasi? Jadi gimana kak perbedaanya...mohon pencerahannya...makasih,0
"Video terlengkap , bagus 👍",2
Kalo gak punya ktp gimana?,1
"Bismillah, penerbangan pertama-ku November 2020 mendatang rute Jakarta - Makassar by Batik Air 🛩",2
"Assalamualaikum bang mau nanya donk mudahan2an di jawab.<br>Kalo mau pesan tiket pesawat online,kira2 brp hari sebelum keberangkatan",1
Kau siapa aku gak tahu😃😃,0
Kak kalo kita transit dri jambi-jakarta-banjarmasih gimna? Mohon bantuannya kk,1
Ini bener2 membantu banget kak👍,2
nge vlog di bandara boleh gak Mas???,1
"Kalau belum punya KTP saat check in gimana bang,pakai kartu keluarga boleh ?",1
"mintak tolong jelasin dong kak yg namanya 1 kali trasit atau 2 kali transit,,,soalnya saya blum pernah naik pesawat,,,rencananya mau dari surabaya ke palembang,,,heheh",0
Laptop boleh dibawa ke kabin gak sih bang? 😁,2
Kak ikhwan kalo mahasiswa yg belum punya ktp pake apa?,1
saya naik pesawat pertama kali pas masih kecil waktu itu naik garuda indonesia dri jogja ke pangkalpinang selanjutnya saya lupa hehehe,2
bagus banget kak tutorialnya buat mereka yg pertama kali naik pesawat.good job for you kak ikhwan,2
"Mau tanya ka ,supaya kita tau pesawat yang kita tuju bner apa salah gimana? Takutnya salah masuk pesawat😅",0
"membantu banget buat first-timer nih. terima kasih banyak kak, sukses terus!",2
"Bang kalo terbang sendiri dan masihi bawah umur gimana tuh bang?,saya udah punya pasport sama kartu pelajar,saya mau pergi ke bangka",1
Tiket online masih berlaku nggk bang sampe sekarang.?,2
Makasih bang ikh aku bisa naik pesawat,2
Terimakasih kak infonya..,2
Mas ihwan,1
"Bang, biasanya kalau di imigrasi luar negeri ditanya apa aja?",0
Oh ini anak pesawat ☺️ terkecil<br>Ak jgk pernah naik loh,0
"wahhh.... keren skali konten nya, sangat bermanfaat kak, sukses ya semoga saya bsa seprti anda, kalau berkenan boleh berkunjung ke channel saya hehe",2
"Pengen naik pesawat tapi takut,takut di ketawain orang lain karna belum pernah,pasti kaku banget dan bingung.",0
Assalamualaikum bang mau tanya koper ukuran 20 dan berat dibawah 7kg itu bisa free cabin kan? Mks bang,2
"<a href=""https://www.youtube.com/watch?v=9j4Td1SfI7U&amp;t=10m42s"">10:42</a>😍",1
tapi kak kalau anak kecil kan ngak punya ktp terus digandi apa,1
Belum pernah naik pesawat krn blm brani mudah2n nti kesampaian naik pesawat dan berani 😭,0
SAYA TAKUT NAIK PESAWAT 😭😭😭,0
Aku September 2020 mau ke Bali tp nonton ini mbntu sekali jadi ga bingung lg kl nanti k Bali naik pesawat pertama kali nya. <br>Terima kasih kak atas vlog nya👍😀,2
"Good, petunjuk yg sangat lengkap. Thnks kak",2
Mudah mudahan aku bisa dapet kerjaan yang tugasnya keliling Indonesia dan bisa ngerasain naik pesawat hehe. Aaamiiin.,2
Kalo misalkan enggak punya KTP terus mau boarding nya gimana?,0
Dari semua video ini yg paling lengkap.  Makasih ya.  Ngebantu banget videonya. 🙂🙂<br>Sukses terus..,2
Pengalaman pertama sprt kurang oksigen deg degan 🤣,0
Dlm peswat boleh main hp bang?,2
Klo kita pesan online sdh ada tiketx apkh hrus dprint LG utk jd tiket bru cek in?,2
Ke Bandung Rp 300.000 belum rapit test Rp 550.000 total Rp 800.000 itung keseluruhan belum tambah biaya rapit test swab,0
Kakak. Saya pernah juga sitilik,2
"Keren banget mas tutorialnya,, jujur penasaran caranya naik pesawat, karena parno yg pasti. Berhubung pengen mudik &amp; ingin mempersingkat waktu mau ga mau mesti nyoba, n first time. Oh ya mas kalo dari halim biasanya kita datang brp jam sebelum keberangkatan ya?",2
Kalo bawa koper itu apa harua ambil bagasi? lha cara ambil atau gak bagasinya gimana kak?<br><br>Terimakasih,0
"Tutorialnya sangat berguna bang, terima kasih",2
Syaa deg deg kn kli pertama naek.pesawat Lion air,0
"Very helpful, thank you",2
Sangat bermanfaat,2
Jadi pengen naik pesawat tapi takut jatuh,0
Faizal Ribhi kelas 2,1
Kok boleh ngerekam di balik pos security pemeriksaan bagasi bang?,2
Tutorial paling jempol...  Tetep aku lht bang...  Mskipun udh prnh bbrpkali naik pswt..,2
Masih ngumpulin keberanian buat naik pesawat 😑 bawaanya tuh mikir yg jelek2 ajaaahhhhh 😂,0
Intinya MODAL DUIT DAN MODAL PERCAYA DIRI WKKW,1
"Tutorialnya bagus, singkat, padat dan lengkap. <br>Dulu pertama naik tangga pesawat kaya naik tiang gantungan deg-degan 😃😃😃",2
Sipa masih nonton 2020,1
Sangat bermanfaat 😊💗,2
Kalo ke Korea?😭,1
"Komplit banget mass, thx",2
Bang saya masih bingung tentang bagasi gratisnya,2
Baru pertama mau naik pesawat aja jauh banget ngajaknya ...ke India ??? Gua bingung kira&quot; kalo pas pulang gua bisa ngga ya ....galau tingkat dewaaaaa,0
Tolong pesan 17 Airbus a380800 <br><br>16 untuk lie family airlines<br>1 untuk bakso bang darren,1
Ka mau nanya kan saya belum punya KTP apakah bisa pakai dokumen yang lain selain KTP?,1
"Ka Ikhwan, apakah kalo kita naik Citilink Airbus A320 bisa request kursi secara gratis di counter check in?",2
Gimana cara tahu jenis pesawatnya,1
"Bagus tutorialnya kak, sangat membantu.<br><br>Pertama kali naik peswat tahun 2017, itu juga dibayar karena ikut lomba. Waktu itu ditemani pembimbing (guru saya)jadi semuanya diurus dan saya tinggal ikutin saja. Awal masuk bingung sampai salah tempat duduk, saya pikir tingga pilih tempat sendri😆, Selain itu, bingung pasangin sabuk pengaman dan membuka mejanya. Wakwakwak.<br>Penerbangan selama 45 menit hanya lihat-lihat dalam peswat dan luar peswat, dan parahnya pas mau landing salah satu teman saya (peserta lomba) mabuk dan mutah.<br>Saya juga terbawahkan namun saya berusaha menahan.<br>Yang lebih parah lagi, layar hp saya pecah karena ditinggal dalam saku koper paling depan yg dititip di bagasi😅. Untung uang lomba bisa buat beli hp baru tapi saya ciuma ganti layar saja.<br>Dari saat itu sampai saat ini, belum perna naik lagi. <br><br>Saya juga mau tanya dong kak.<br>Kan kemarin saya bawah koper, kalau bawah tas ransel berisikan pakaian apa dibawah kita atau dititip di bagasi kak?",2
Pertama kli naek pesawat jantung aq mau copot tkut,0
Ka kalo misalkan anak umur 17 kebawah kita hrs tunjukin apa ya kan kalo 17 ke atas tunjukin ktp apakah kartu pelajar?,1
Kalau check in pakai kartu pelajar bisa ngga ya kak.,1
"Kak ikhwan mau tanya, kalo naik pesawat domestik itu harus pake paspor atau nggk?",1
assalam&#39;mualaikum hlo semua mas ini bisa pulang ke bandung sy juga tp kenapa karena ia mau dengan QG 330,1
Kalo naik pewasat sepatu ato sandal hrs dilepas baru naik tangga peswat,1
Maap ni bg saya mau nnyk:) klw kita bawak vape atau yg apa lh itu. Apakah itu kita mengenakan pajak nya atau kita dilarang membawak nya? Mohon maap bg saya blm prnh naek pesawat:) smga ini rencana mau berangkat ke batam:),1
Gimana kalau KTPnya mati mas?,1
Penjelasannya sangat membantu  detail banget  terimakasih🙏👌,2
"Mas, ekonomi citilink kurang lebih jarak leg room nya begitu semua atau gmn ya?",0
"Pertama x naik EMG deg2kan jg sih  THN 2017, tp skrg malah gak mau LG naik bus,.capek, lebih enak naik pswt .",0
Gimana kalo yg belum punya KTP bg seperti pelajar,1
Makasih infonya Bang,2
pake kamera apa bang?,1
Kalau KTP di ganti kartu identitas lain bisa kak ? Seperti SIM atau yg lain,1
aku beberapa kali aku naik pesawat bulak balik singpur ke dki jakarata jadiyah dah tau semua cara naik pesawat yang belum naik atau yangbelun naik beginilan cara naik pesawat janganlupa subrek mudahloh sekarang,2
bismillah moga lancar first flight nanti,2
Tooop,2
Sehat selalu yh kak,2
Udah sering sih naik pesawat tapi suka bingung pas kita mau duduk di tengah kanan atau kiri 🤣,0
"kak biasanya open gate itu cuma untuk satu tujuan aja kan? ga mungkin tujuannya di gabung? misalnya ada 2 pesawat citilink yg mau terbang dgn tujuan Bandung &amp; Bali, nah open gatenya satu2 kan? misal Bali dulu nih abis itu Bandung gitu kan?",1
Pak kan aku baru pertama naik pesawat pak kalau aku gak mau ngerasa ngeri gimana tu pak,0
Kak saya masih umur 16 thn sya mau pulang kampung sendiri..lahkan sya blm pnya KTP emng bsa kak naik pesawat?,1
"Sdh banyak kunonton Tutorial , cuma ini yg bisa kumengerti terimakasih bro 🙏🏻🙏🏻🙏🏻👏🏻👏🏻👏🏻🥰",2
"Bang berarti naik pesawat sama naik kereta sama aja ya ? Tahapnya ga jauh² dari ; beli tiket (dapet kode booking), ke counter check ini buat cetak tiket (boarding pass), tunggu pintu masuk kereta, naik kereta.<br><br>Kecuali mungkin kereta ga pake acara cek keamanan, ga pake jalan² jauh, sama ga bingung urus barang bawaan yg over kapasitas (harus bagasi), dan pengurusan imigrasi utk penerbangan intern.<br><br>Kalau ada kekurangan atau kekeliruan mohon di koreksi. Oiya, saya mau tanya dong :<br>1. Untuk proses transit bagaimana ya ? Apakah nanti di boarding pass kita di bandara 1 dikasih tau ttg gate, nomer pesawat nomer kursi setelah sampai di bandara trabsit ? Dan nanti setelah turun bandara kita bisa langsung ke gate buat nunggu keberangkatan selanjutnya ? Atau setelah sampai di bandara transit kita perlu check in ulang dan ngulang step seperti di video ?<br><br>2. Terkait barang bawaan, yg boleh dibawa ke kabin pesawat itu barang apa aja ya mas ? Laptop dan aksesorisnya (charger) apakah bisa ? Saat pengecekan apakah hp juga harus di taruh di tas dan bukan di saku ?",1
Bang umur 12 tahun boleh ga naik pesawat terus kalau bayarnya lewat online pantes nya pembayaranya yang mana kak ikhwan,1
"Klo koper itu masuk begasi gak bang, atau boleh dibawa di kabin pesawat",1
Saya sangat senang waktu terbang dari surabaya ke madinah naik boieng 747 400,2
Kalao ga punya ktp gimana bang? Boleh pake kartu pelajar?,1
"Mas,, Kalau blm pnya KTP. Misalnya msh berumur 13 thn itu boleh naik pesawat gaa????  Tolong di jwbb",1
Lusyuuu banget sihhhhhhh🥰❤,1
Panduan youtubers paket Complitt detail sekali apa lagi untuk pemula   Thankz bgt ksih info lengkapp..sukses y bang,2
Dipesawat boleh buka hp kan bang kecuali menghidupkan data?,1
"gila bang lengkap banget, gate aja dikasitau artinya, makasih bang",2
sangattt membantu sekali mas penjelasannya👍,2
Kalo ga punya KTP gimana bang?,1
Kalo udah check in mandiri harus ke konternya nggak bang?,1
"<a href=""https://www.youtube.com/watch?v=9j4Td1SfI7U&amp;t=0m11s"">0:11</a>",1
"anjay langsung Full thortel <a href=""https://www.youtube.com/watch?v=9j4Td1SfI7U&amp;t=15m20s"">15:20</a> pesawatnha.",1
Bang itu sampean kan pake citilink jadi waktu mau ke gate tuh lurus aja? Kalo saya nih make Batik Airbrarti klo kegate belok kanan?<br><br><br>Via HalimPerdanakusuma,1
"Pertama kali naik pesawat November 2019 Cengkareng-Bali PP dengan air asia. <br><br>Aku kan takut bgt ketinggian. Pas berangkat, aku kek B aja. Karena aku tidur sambil denger musik. Wkwkw tau2nya sampe di Ngurahrai.cuaca cerah juga.<br><br><br>Pas ke Soetta, cuaca ga bersahabat. Berasa bgt getaran.  Kata tmn sebelah itu karena awan. Trs pesawat nurun tiba2 gw kaget dong . Langsung istighfar wkwkw. Kta temen sebelah, tenang ta, itu krn kita mau mendarat wkwkw. Sumpah takut gue bang. Wkwkwk norak bgt gue. Wkwkw<br><br><br>Btw dr pesawat, gue bisa liat pemandangan keren bgt bang, liat awan, trs liat kilat😅😅😅<br><br><br>Kangen naik lagi wkekw",0
Pertama kali aku naik air asia . Ckg denpasar PP😬😬😬,1
Bang kalau chek-in pake ktp lama bisa gak ?<br><br>Soalnya ektp saya blm ada,1
"Bang klo kita misal bawa koper,,waktu ke counter check in dikasih ke mba mab nya?",1
lengkap bangett makasih banyak bang sangat bermanfaat😍😍,2
Makasih bangg sukses terus,2
"Bang Ikhwan,,kita tuh gaboleh nyalain ponsel waktu take off dan landing aja??? Kalo pesawat udah stabil diudara boleh make ponsel asalkan dalam airplane mode,,,bener gak bang?",1
Ambil di bagasinya gimana?:v gw parah bang masih bahlul bener  soal ke pesawat,1
Mantap jd gk ragu lg,2
"Bang,pesawat ATR kek gitu buat jarah jauh bisa ga? Kan abang dari jakarta ke bandung,,,, klo saya mo rencana ke kualanamu take off di djuanda",1
Yg luar negeri dong bang.. dr awal mpe keluar bandara.. aku mau ke amerika oktober besok tapi takut nyasar dibandara wkwkkw,0
"Belum baru mau naik pertama, takut. Takut bngt, soalnya takut ketinggian. 😔😝",0
Terima kasih kak😇,2
Ka mau tanya dong aku bru pertma kali booking tkt pesawat onlne jd pas dftr aku ketik nama depan nurul huda dn belakangnha huda lg jd nurul huda huda masalah ga ya ka ya Allah aku bngung malah lg sikon bgni respon maskapai susah sekali .<br>Maslah ga ya ka ? Apa msh bisa nanti ? Apa bner2 gagal gitu ya Allah sedih bgt malah pertma x masa gagal 😣😢 pliss yg tau bantu jawb ya kaka makasih,1
Ica (aisyah) pramugarinya msk vlog...,1
"Tutorial pertama kali naik pesawat ini sangat bagus mas, jadi tau mas kalau naik pesawat jadi paham, ihya bang bikin tutorial transit pesawat mas (transitnya boleh domestik maupun internasional)",2
Bali-jakarta naik busss capekkkkk di perjalanan...pingin naik pesawat tp bingung beli tiket nya yg bukan onlin.soalnya klo bli onlin saya gk paham,0
Bang kan misal aku pesan tiket pesawat terus ada 2 orang gitu pesan pake nama ku . Terus waktu chekin itu kan nunjukin e-tiket sama ktp . Trus di situ KTP aku aja atau KTP penumpang dua dua nya ? Aku dengan penumpang 1 nya ?,1
Kalau citilink gratis bagasi 20 kg ya bang?,2
Kebetulan saya pas puasa mau Liburan ke Balikpapan tolong jelaskan y kak gmn cara transit,1
Kak cara transit gmn kak,1
Kak mau nanya semisal baru pertama kali naik pesawat tapi belum ada KTP adanya Kartu Pelajar gimana kak?,1
Bang aku mau tanya Kalau Misal Belum punya KTP bisa Ngga Pakai Kartu Pelajar ??,1
Di ruang tunggu citilink apakah ada musholla?,1
Ngeri2 gmna gtu waktu naik pesawat SQ ke SG pertama x untung naik SQ,0
Tutorial ke luar negeri donk,1
